time,air_temperature,relative_humidity,AT_F,RH,HI_F
2024-07-01 00:00:00,25.027325,88.54892,77.04919,88.54892,78.615906
2024-07-01 01:00:00,24.38847,96.0859,75.89925,96.0859,77.70521
2024-07-01 02:00:00,24.204332,96.36593,75.567795,96.36593,77.353775
2024-07-01 03:00:00,23.8528,96.203125,74.93504,96.203125,76.65009
2024-07-01 04:00:00,23.838058,97.236305,74.90851,97.236305,76.669464
2024-07-01 05:00:00,23.810156,97.296814,74.85828,97.296814,76.61706
2024-07-01 06:00:00,23.759485,98.91573,74.767075,98.91573,76.59282
2024-07-01 07:00:00,23.307264,96.8389,73.95308,96.8389,75.599815
2024-07-01 08:00:00,21.339329,93.15391,70.41079,93.15391,71.530106
2024-07-01 09:00:00,21.09141,90.40106,69.96454,90.40106,70.90984
2024-07-01 10:00:00,21.177406,75.91258,70.11933,75.91258,70.399155
2024-07-01 11:00:00,22.297504,62.27876,72.135506,62.27876,71.97615
2024-07-01 12:00:00,23.685217,56.119774,74.63339,56.119774,74.43436
2024-07-01 13:00:00,25.185156,52.88181,77.33328,52.88181,77.25205
2024-07-01 14:00:00,26.582321,47.724525,79.848175,47.724525,79.77604
2024-07-01 15:00:00,27.60932,42.883495,81.69678,42.883495,81.5282
2024-07-01 16:00:00,28.105167,40.046124,82.5893,40.046124,81.967995
2024-07-01 17:00:00,28.563559,36.569115,83.414406,36.569115,82.258896
2024-07-01 18:00:00,28.582186,36.32371,83.44794,36.32371,82.25755
2024-07-01 19:00:00,27.79139,38.1209,82.0245,38.1209,81.26484
2024-07-01 20:00:00,26.222548,41.758007,79.200584,41.758007,78.78327
2024-07-01 21:00:00,24.19675,47.821243,75.55415,47.821243,75.05717
2024-07-01 22:00:00,21.844154,53.6881,71.31947,53.6881,70.67476
2024-07-01 23:00:00,20.40195,58.65098,68.72351,58.65098,68.05246
2024-07-02 00:00:00,19.087294,65.05316,66.35713,65.05316,65.75034
2024-07-02 01:00:00,17.880259,72.246376,64.18446,72.246376,63.69849
2024-07-02 02:00:00,16.862833,78.93251,62.3531,78.93251,61.998238
2024-07-02 03:00:00,16.002483,83.985344,60.80447,83.985344,60.53223
2024-07-02 04:00:00,15.553037,87.05301,59.995464,87.05301,59.786503
2024-07-02 05:00:00,15.254341,87.90545,59.457813,87.90545,59.23515
2024-07-02 06:00:00,14.831906,89.748985,58.69743,89.748985,58.485374
2024-07-02 07:00:00,14.973782,89.82033,58.95281,89.82033,58.76964
2024-07-02 08:00:00,17.205046,83.99258,62.96908,83.99258,62.913643
2024-07-02 09:00:00,21.23376,67.89178,70.22077,67.89178,70.13376
2024-07-02 10:00:00,24.195066,53.872375,75.55112,53.872375,75.33823
2024-07-02 11:00:00,25.68833,46.373783,78.23899,46.373783,77.94245
2024-07-02 12:00:00,26.527697,44.287018,79.749855,44.287018,79.506325
2024-07-02 13:00:00,27.57981,41.771564,81.643654,41.771564,81.35428
2024-07-02 14:00:00,28.55164,38.171078,83.39295,38.171078,82.44743
2024-07-02 15:00:00,29.503914,35.76516,85.10704,35.76516,83.72663
2024-07-02 16:00:00,30.135977,34.65396,86.24476,34.65396,84.69617
2024-07-02 17:00:00,30.656418,33.48776,87.18156,33.48776,85.477806
2024-07-02 18:00:00,30.633781,34.270863,87.14081,34.270863,85.57962
2024-07-02 19:00:00,29.752346,36.295105,85.55422,36.295105,84.261986
2024-07-02 20:00:00,28.248047,40.660156,82.84648,40.660156,82.28
2024-07-02 21:00:00,26.1631,47.33694,79.09358,47.33694,78.92778
2024-07-02 22:00:00,23.992146,52.31486,75.18586,52.31486,74.86324
2024-07-02 23:00:00,22.239399,61.21255,72.030914,61.21255,71.811
2024-07-03 00:00:00,21.141413,66.97363,70.05454,66.97363,69.90775
2024-07-03 01:00:00,20.502954,72.998825,68.90532,72.998825,68.926796
2024-07-03 02:00:00,19.963514,77.58242,67.934326,77.58242,68.07413
2024-07-03 03:00:00,19.316715,82.21096,66.77009,82.21096,67.01102
2024-07-03 04:00:00,18.893255,84.2401,66.00786,84.2401,66.26793
2024-07-03 05:00:00,18.658237,84.88474,65.58482,84.88474,65.83289
2024-07-03 06:00:00,18.140411,87.96632,64.65274,87.96632,64.95243
2024-07-03 07:00:00,18.46081,88.73101,65.22946,88.73101,65.622765
2024-07-03 08:00:00,20.371548,85.18266,68.668785,85.18266,69.23925
2024-07-03 09:00:00,23.833136,76.10869,74.89964,76.10869,75.66672
2024-07-03 10:00:00,26.46098,62.80838,79.62976,62.80838,81.64749
2024-07-03 11:00:00,28.267319,51.625404,82.88117,51.625404,84.05046
2024-07-03 12:00:00,29.335072,46.177605,84.80313,46.177605,85.32175
2024-07-03 13:00:00,30.227114,42.8664,86.408806,42.8664,86.57669
2024-07-03 14:00:00,31.004545,41.675014,87.80818,41.675014,88.10223
2024-07-03 15:00:00,32.02245,38.838104,89.64041,38.838104,89.79243
2024-07-03 16:00:00,32.468224,38.543842,90.4428,38.543842,90.84026
2024-07-03 17:00:00,32.556858,38.894356,90.60234,38.894356,91.19142
2024-07-03 18:00:00,32.574608,39.228176,90.63429,39.228176,91.35383
2024-07-03 19:00:00,31.248104,43.30583,88.24659,43.30583,89.18787
2024-07-03 20:00:00,30.058275,48.17824,86.1049,48.17824,87.53432
2024-07-03 21:00:00,28.303434,52.96314,82.94618,52.96314,84.38115
2024-07-03 22:00:00,26.902779,58.585793,80.425,58.585793,82.15506
2024-07-03 23:00:00,25.546728,64.68659,77.98411,64.68659,78.52278
2024-07-04 00:00:00,24.536251,69.56975,76.16525,69.56975,76.75156
2024-07-04 01:00:00,23.903584,72.70189,75.02645,72.70189,75.646095
2024-07-04 02:00:00,23.51251,76.92232,74.32252,76.92232,75.070114
2024-07-04 03:00:00,23.404345,80.40759,74.12782,80.40759,75.01977
2024-07-04 04:00:00,23.49427,81.43026,74.28969,81.43026,75.24588
2024-07-04 05:00:00,23.363117,83.903465,74.05361,83.903465,75.10244
2024-07-04 06:00:00,23.147703,85.8072,73.66586,85.8072,74.76539
2024-07-04 07:00:00,23.166584,85.80061,73.69985,85.80061,74.802475
2024-07-04 08:00:00,24.126795,84.04391,75.42823,84.04391,76.62112
2024-07-04 09:00:00,26.270086,75.91788,79.286156,75.91788,82.3766
2024-07-04 10:00:00,28.864937,67.02049,83.95689,67.02049,89.45146
2024-07-04 11:00:00,30.89043,58.787506,87.602776,58.787506,93.78161
2024-07-04 12:00:00,32.744488,52.765945,90.94008,52.765945,97.818405
2024-07-04 13:00:00,34.070423,46.945827,93.32677,46.945827,99.580475
2024-07-04 14:00:00,34.77873,45.313007,94.60171,45.313007,101.25539
2024-07-04 15:00:00,35.45093,42.40196,95.811676,42.40196,101.96298
2024-07-04 16:00:00,36.127907,40.090385,97.03023,40.090385,102.97999
2024-07-04 17:00:00,36.758656,38.578575,98.16558,38.578575,104.28832
2024-07-04 18:00:00,36.550465,39.311325,97.79084,39.311325,104.015526
2024-07-04 19:00:00,35.107822,43.220055,95.19408,43.220055,101.206696
2024-07-04 20:00:00,33.253967,49.235374,91.85714,49.235374,97.84354
2024-07-04 21:00:00,30.780735,59.255817,87.40532,59.255817,93.57821
2024-07-04 22:00:00,28.083101,73.93421,82.54958,73.93421,88.49025
2024-07-04 23:00:00,26.664078,83.18284,79.99534,83.18284,84.65427
2024-07-05 00:00:00,26.417345,86.4182,79.55122,86.4182,84.010185
2024-07-05 01:00:00,25.966116,89.496155,78.739006,89.496155,82.281975
2024-07-05 02:00:00,25.475018,90.87428,77.855034,90.87428,79.611626
2024-07-05 03:00:00,24.78112,92.45606,76.60602,92.45606,78.31206
2024-07-05 04:00:00,24.756174,92.78328,76.56111,92.78328,78.27804
2024-07-05 05:00:00,24.444262,92.9673,75.99967,92.9673,77.6691
2024-07-05 06:00:00,24.284616,94.23793,75.71231,94.23793,77.41273
2024-07-05 07:00:00,24.2808,91.55395,75.70544,91.55395,77.279015
2024-07-05 08:00:00,25.537758,87.93931,77.967964,87.93931,79.59791
2024-07-05 09:00:00,27.993576,77.92281,82.388435,77.92281,89.18332
2024-07-05 10:00:00,30.402924,67.81375,86.725266,67.81375,95.84694
2024-07-05 11:00:00,32.494785,60.476692,90.490616,60.476692,101.14615
2024-07-05 12:00:00,34.600513,53.601402,94.28093,53.601402,106.033844
2024-07-05 13:00:00,36.186405,48.20592,97.13553,48.20592,109.048485
2024-07-05 14:00:00,36.67447,46.325485,98.014046,46.325485,109.69862
2024-07-05 15:00:00,36.186806,47.679134,97.136246,47.679134,108.63324
2024-07-05 16:00:00,32.422234,61.374603,90.36002,61.374603,101.36133
2024-07-05 17:00:00,34.07645,63.333927,93.33761,63.333927,110.92759
2024-07-05 18:00:00,33.46984,62.2877,92.24571,62.2877,106.962105
2024-07-05 19:00:00,30.00413,74.44849,86.00743,74.44849,97.099785
2024-07-05 20:00:00,27.400942,86.97126,81.32169,86.97126,88.940926
2024-07-05 21:00:00,26.634115,90.110825,79.94141,90.110825,85.49702
2024-07-05 22:00:00,25.84018,91.1276,78.51232,91.1276,81.79985
2024-07-05 23:00:00,25.71283,92.44375,78.2831,92.44375,81.259926
2024-07-06 00:00:00,25.462975,93.979935,77.83336,93.979935,79.73375
2024-07-06 01:00:00,25.354824,94.85253,77.63869,94.85253,79.56062
2024-07-06 02:00:00,25.345797,94.655235,77.62244,94.655235,79.53348
2024-07-06 03:00:00,24.985971,91.55304,76.97475,91.55304,78.67522
2024-07-06 04:00:00,24.947147,94.670586,76.90486,94.670586,78.744865
2024-07-06 05:00:00,24.780336,93.575806,76.60461,93.575806,78.36314
2024-07-06 06:00:00,24.425035,94.01586,75.965065,94.01586,77.68031
2024-07-06 07:00:00,24.21815,94.511314,75.59267,94.511314,77.29397
2024-07-06 08:00:00,25.199066,92.061485,77.35832,92.061485,79.12104
2024-07-06 09:00:00,27.392529,83.168594,81.30655,83.168594,87.82026
2024-07-06 10:00:00,29.0099,76.17793,84.21782,76.17793,93.1261
2024-07-06 11:00:00,30.968847,65.99,87.74393,65.99,97.44008
2024-07-06 12:00:00,32.27057,59.260914,90.08702,59.260914,99.466644
2024-07-06 13:00:00,33.364735,54.678513,92.056526,54.678513,101.38018
2024-07-06 14:00:00,34.240696,51.093773,93.633255,51.093773,102.765045
2024-07-06 15:00:00,35.01409,48.74381,95.02537,48.74381,104.40155
2024-07-06 16:00:00,35.630486,46.963802,96.13487,46.963802,105.71419
2024-07-06 17:00:00,36.058002,46.18405,96.9044,46.18405,106.93295
2024-07-06 18:00:00,34.542286,53.13906,94.17612,53.13906,105.44265
2024-07-06 19:00:00,29.008627,73.7009,84.21553,73.7009,92.22089
2024-07-06 20:00:00,25.872864,86.94611,78.57115,86.94611,81.73115
2024-07-06 21:00:00,25.654823,89.258354,78.17868,89.258354,79.89169
2024-07-06 22:00:00,25.444685,90.94264,77.80043,90.94264,79.55478
2024-07-06 23:00:00,25.39447,91.86158,77.710045,91.86158,79.49855
2024-07-07 00:00:00,25.241194,92.68327,77.43415,92.68327,79.23368
2024-07-07 01:00:00,25.103165,92.55746,77.1857,92.55746,78.95447
2024-07-07 02:00:00,24.784382,93.020996,76.611885,93.020996,78.345055
2024-07-07 03:00:00,24.485998,94.80986,76.0748,94.80986,77.83834
2024-07-07 04:00:00,24.364487,95.12109,75.85608,95.12109,77.61237
2024-07-07 05:00:00,24.139803,96.04234,75.451645,96.04234,77.2108
2024-07-07 06:00:00,24.052145,96.22931,75.29386,96.22931,77.04602
2024-07-07 07:00:00,24.172585,96.7753,75.51065,96.7753,77.31016
2024-07-07 08:00:00,24.93492,95.18438,76.88286,95.18438,78.744804
2024-07-07 09:00:00,25.952072,91.21574,78.71373,91.21574,82.32523
2024-07-07 10:00:00,26.534235,88.37735,79.76163,88.37735,84.77909
2024-07-07 11:00:00,27.328587,86.60972,81.19145,86.60972,88.46407
2024-07-07 12:00:00,28.375208,83.01441,83.07538,83.01441,92.486946
2024-07-07 13:00:00,28.753056,80.81171,83.7555,80.81171,93.60864
2024-07-07 14:00:00,28.043322,82.60961,82.47798,82.60961,90.72363
2024-07-07 15:00:00,24.434574,92.09515,75.98223,92.09515,77.60893
2024-07-07 16:00:00,23.847345,96.86776,74.925224,96.86776,76.67054
2024-07-07 17:00:00,23.842012,97.61579,74.91562,97.61579,76.69512
2024-07-07 18:00:00,23.949097,97.36181,75.108376,97.36181,76.89521
2024-07-07 19:00:00,24.092125,97.66347,75.36583,97.66347,77.19259
2024-07-07 20:00:00,24.283743,97.07693,75.71074,97.07693,77.544426
2024-07-07 21:00:00,24.087454,98.29314,75.357414,98.29314,77.21294
2024-07-07 22:00:00,23.827858,99.32141,74.890144,99.32141,76.74726
2024-07-07 23:00:00,23.559734,99.07391,74.407524,99.07391,76.20475
2024-07-08 00:00:00,23.269154,99.51332,73.884476,99.51332,75.65005
2024-07-08 01:00:00,23.199877,99.65725,73.75978,99.65725,75.51965
2024-07-08 02:00:00,23.138552,99.97934,73.64939,99.97934,75.41335
2024-07-08 03:00:00,23.299255,99.77202,73.93866,99.77202,75.72181
2024-07-08 04:00:00,23.346136,99.211555,74.02304,99.211555,75.788284
2024-07-08 05:00:00,23.239744,99.58434,73.83154,99.58434,75.59516
2024-07-08 06:00:00,23.06917,99.5887,73.524506,99.5887,75.25763
2024-07-08 07:00:00,23.09205,99.04604,73.56569,99.04604,75.27743
2024-07-08 08:00:00,23.665627,98.73016,74.59813,98.73016,76.39826
2024-07-08 09:00:00,24.859753,96.90906,76.74756,96.90906,78.67704
2024-07-08 10:00:00,25.939684,93.01479,78.69143,93.01479,82.375374
2024-07-08 11:00:00,26.826246,88.65306,80.28725,88.65306,86.70525
2024-07-08 12:00:00,28.750229,80.35179,83.75041,80.35179,93.426476
2024-07-08 13:00:00,30.112934,74.1431,86.203285,74.1431,97.48545
2024-07-08 14:00:00,31.159697,67.51731,88.08745,67.51731,99.09375
2024-07-08 15:00:00,32.50792,61.053856,90.51426,61.053856,101.55348
2024-07-08 16:00:00,33.232258,56.36502,91.81807,56.36502,101.85899
2024-07-08 17:00:00,33.793255,54.15778,92.82786,54.15778,102.86651
2024-07-08 18:00:00,33.94741,52.97488,93.10534,52.97488,102.7567
2024-07-08 19:00:00,33.05272,56.49679,91.494896,56.49679,101.17186
2024-07-08 20:00:00,31.33146,63.567726,88.39663,63.567726,97.7831
2024-07-08 21:00:00,29.800648,70.24718,85.64117,70.24718,94.30595
2024-07-08 22:00:00,28.220375,74.698814,82.79668,74.698814,89.24254
2024-07-08 23:00:00,27.082422,79.95017,80.74836,79.95017,85.85426
2024-07-09 00:00:00,26.201366,84.91767,79.16246,84.91767,82.9413
2024-07-09 01:00:00,25.619295,88.76558,78.11473,88.76558,79.79819
2024-07-09 02:00:00,24.730694,91.028625,76.51525,91.028625,78.14513
2024-07-09 03:00:00,24.316574,92.829216,75.76984,92.829216,77.4098
2024-07-09 04:00:00,24.050476,94.38903,75.290855,94.38903,76.95623
2024-07-09 05:00:00,23.883574,95.44751,74.99043,95.44751,76.67551
2024-07-09 06:00:00,23.697979,95.89574,74.656364,95.89574,76.32911
2024-07-09 07:00:00,23.91487,95.16375,75.04677,95.16375,76.72414
2024-07-09 08:00:00,24.730942,93.78525,76.51569,93.78525,78.27516
2024-07-09 09:00:00,26.943998,87.29358,80.4992,87.29358,86.8488
2024-07-09 10:00:00,29.570055,78.73723,85.2261,78.73723,96.89998
2024-07-09 11:00:00,31.372835,69.813065,88.47111,69.813065,101.40219
2024-07-09 12:00:00,32.541695,61.057125,90.57505,61.057125,101.70798
2024-07-09 13:00:00,33.48591,56.33375,92.274635,56.33375,102.94255
2024-07-09 14:00:00,33.968433,54.563713,93.14318,54.563713,103.89372
2024-07-09 15:00:00,34.380016,53.808857,93.884026,53.808857,105.19397
2024-07-09 16:00:00,34.737885,52.13687,94.52819,52.13687,105.594864
2024-07-09 17:00:00,35.342243,50.16523,95.61604,50.16523,106.81827
2024-07-09 18:00:00,35.20911,49.80473,95.376396,49.80473,105.97406
2024-07-09 19:00:00,34.342392,51.956295,93.81631,51.956295,103.75912
2024-07-09 20:00:00,32.9391,59.75377,91.290375,59.75377,102.69614
2024-07-09 21:00:00,31.44817,62.09676,88.606705,62.09676,97.52318
2024-07-09 22:00:00,30.339493,69.78902,86.611084,69.78902,96.48364
2024-07-09 23:00:00,29.420242,75.1376,84.956436,75.1376,94.618385
2024-07-10 00:00:00,28.528759,77.62393,83.35176,77.62393,91.443016
2024-07-10 01:00:00,28.048567,80.209984,82.48742,80.209984,90.05695
2024-07-10 02:00:00,27.483456,82.21667,81.47022,82.21667,88.01782
2024-07-10 03:00:00,26.822128,85.41742,80.27983,85.41742,85.726295
2024-07-10 04:00:00,26.657568,87.097466,79.98362,87.097466,85.1765
2024-07-10 05:00:00,26.398724,87.86474,79.5177,87.86474,84.09209
2024-07-10 06:00:00,25.990728,89.03139,78.78331,89.03139,82.36191
2024-07-10 07:00:00,25.965118,89.74518,78.73721,89.74518,82.29324
2024-07-10 08:00:00,26.571384,87.80023,79.82849,87.80023,84.87601
2024-07-10 09:00:00,27.933725,82.9896,82.28071,82.9896,90.30505
2024-07-10 10:00:00,29.145565,79.064125,84.46202,79.064125,94.889725
2024-07-10 11:00:00,30.535646,73.89606,86.964165,73.89606,99.46361
2024-07-10 12:00:00,32.184113,67.664246,89.931404,67.664246,104.1648
2024-07-10 13:00:00,33.6692,61.22135,92.60456,61.22135,107.179634
2024-07-10 14:00:00,34.431812,57.97993,93.977264,57.97993,108.51193
2024-07-10 15:00:00,35.120853,54.953327,95.21754,54.953327,109.49198
2024-07-10 16:00:00,35.17938,53.730957,95.32288,53.730957,108.80226
2024-07-10 17:00:00,35.269875,54.959503,95.48577,54.959503,110.22133
2024-07-10 18:00:00,35.013004,55.37707,95.02341,55.37707,109.30815
2024-07-10 19:00:00,33.772392,59.76796,92.790306,59.76796,106.62562
2024-07-10 20:00:00,32.583054,65.88503,90.6495,65.88503,105.01177
2024-07-10 21:00:00,29.627125,80.49957,85.32883,80.49957,98.010994
2024-07-10 22:00:00,28.84389,84.54073,83.919,84.54073,95.50931
2024-07-10 23:00:00,27.682364,86.27904,81.828255,86.27904,90.093
2024-07-11 00:00:00,26.77069,88.730896,80.18724,88.730896,86.46554
2024-07-11 01:00:00,26.467123,89.385956,79.64082,89.385956,84.58997
2024-07-11 02:00:00,26.142399,84.534615,79.05632,84.534615,82.66866
2024-07-11 03:00:00,25.048729,75.73601,77.087715,75.73601,78.056076
2024-07-11 04:00:00,23.983868,77.17409,75.17096,77.17409,76.015236
2024-07-11 05:00:00,22.873655,80.05695,73.17258,80.05695,73.952515
2024-07-11 06:00:00,22.210646,81.48272,71.979164,81.48272,72.706764
2024-07-11 07:00:00,22.543016,75.24624,72.57743,75.24624,73.07175
2024-07-11 08:00:00,23.27618,71.356674,73.897125,71.356674,74.34061
2024-07-11 09:00:00,24.651987,67.335915,76.37358,67.335915,76.875725
2024-07-11 10:00:00,26.383974,61.512524,79.49115,61.512524,81.357346
2024-07-11 11:00:00,27.936125,55.70067,82.28503,55.70067,84.03753
2024-07-11 12:00:00,29.185366,51.866276,84.53366,51.866276,86.26654
2024-07-11 13:00:00,30.041292,49.648132,86.074326,49.648132,87.89844
2024-07-11 14:00:00,30.885483,47.579594,87.59387,47.579594,89.56207
2024-07-11 15:00:00,31.387812,46.95323,88.49806,46.95323,90.77107
2024-07-11 16:00:00,31.759657,46.81831,89.16738,46.81831,91.812164
2024-07-11 17:00:00,32.375538,46.730858,90.27597,46.730858,93.66957
2024-07-11 18:00:00,32.201756,48.719894,89.96316,48.719894,93.96368
2024-07-11 19:00:00,31.167736,53.6908,88.10192,53.6908,92.63478
2024-07-11 20:00:00,30.362782,57.144424,86.65301,57.144424,91.28592
2024-07-11 21:00:00,29.15426,64.406235,84.47767,64.406235,89.66405
2024-07-11 22:00:00,28.080664,67.70586,82.5452,67.70586,86.92873
2024-07-11 23:00:00,27.148397,73.311874,80.86711,73.311874,84.94491
2024-07-12 00:00:00,26.991096,77.092026,80.58397,77.092026,85.015945
2024-07-12 01:00:00,26.33744,84.12482,79.407394,84.12482,83.42193
2024-07-12 02:00:00,25.6269,86.49075,78.12842,86.49075,79.70632
2024-07-12 03:00:00,25.700098,88.71262,78.26018,88.71262,79.95569
2024-07-12 04:00:00,25.462917,90.77531,77.83325,90.77531,79.583015
2024-07-12 05:00:00,25.180367,92.55769,77.32466,92.55769,79.10734
2024-07-12 06:00:00,25.144213,93.91783,77.25958,93.91783,79.09968
2024-07-12 07:00:00,24.842585,94.44201,76.71665,94.44201,78.527084
2024-07-12 08:00:00,24.003204,95.53849,75.205765,95.53849,76.91665
2024-07-12 09:00:00,23.66109,95.45763,74.589966,95.45763,76.23547
2024-07-12 10:00:00,23.266151,96.08648,73.879074,96.08648,75.48305
2024-07-12 11:00:00,23.152197,97.031525,73.67395,97.031525,75.30183
2024-07-12 12:00:00,23.162262,97.72714,73.69207,97.72714,75.35446
2024-07-12 13:00:00,23.471836,97.90412,74.249306,97.90412,75.97572
2024-07-12 14:00:00,23.51856,98.15565,74.333405,98.15565,76.080055
2024-07-12 15:00:00,23.506622,98.43661,74.31192,98.43661,76.06963
2024-07-12 16:00:00,23.343754,98.370255,74.01875,98.370255,75.74403
2024-07-12 17:00:00,23.57457,98.45108,74.43423,98.45108,76.20485
2024-07-12 18:00:00,24.39292,97.29816,75.90726,97.29816,77.770996
2024-07-12 19:00:00,24.723137,96.083725,76.50165,96.083725,78.36775
2024-07-12 20:00:00,24.664234,96.29176,76.39562,96.29176,78.2609
2024-07-12 21:00:00,24.205397,96.81459,75.56972,96.81459,77.376976
2024-07-12 22:00:00,23.663284,97.14818,74.59391,97.14818,76.31926
2024-07-12 23:00:00,23.606878,98.35917,74.49238,98.35917,76.26449
2024-07-13 00:00:00,23.69941,98.32201,74.658936,98.32201,76.44596
2024-07-13 01:00:00,23.854591,98.61734,74.93826,98.61734,76.767105
2024-07-13 02:00:00,23.8176,99.274704,74.87168,99.274704,76.724754
2024-07-13 03:00:00,23.740934,99.725365,74.73368,99.725365,76.59413
2024-07-13 04:00:00,23.661566,99.637695,74.59082,99.637695,76.43287
2024-07-13 05:00:00,23.639832,99.69002,74.5517,99.69002,76.392296
2024-07-13 06:00:00,23.554039,99.58787,74.39727,99.58787,76.217636
2024-07-13 07:00:00,23.834633,99.06822,74.902336,99.06822,76.74878
2024-07-13 08:00:00,24.10388,98.6404,75.386986,98.6404,77.26179
2024-07-13 09:00:00,24.668179,96.745056,76.402725,96.745056,78.290016
2024-07-13 10:00:00,25.366135,94.130066,77.65904,94.130066,79.54906
2024-07-13 11:00:00,26.179064,90.09989,79.122314,90.09989,83.305016
2024-07-13 12:00:00,27.53609,84.9926,81.564964,84.9926,88.91299
2024-07-13 13:00:00,29.38638,75.69972,84.895485,75.69972,94.689476
2024-07-13 14:00:00,30.490196,69.2661,86.882355,69.2661,96.91653
2024-07-13 15:00:00,31.522533,63.794544,88.740555,63.794544,98.732956
2024-07-13 16:00:00,32.09852,58.37952,89.77733,58.37952,98.26724
2024-07-13 17:00:00,33.054943,54.81016,91.49889,54.81016,100.17754
2024-07-13 18:00:00,33.407234,53.645706,92.13302,53.645706,100.92882
2024-07-13 19:00:00,32.116627,57.442383,89.80993,57.442383,97.84303
2024-07-13 20:00:00,29.869963,66.20916,85.76593,66.20916,92.95692
2024-07-13 21:00:00,27.781305,76.37877,82.00635,76.37877,87.91224
2024-07-13 22:00:00,26.265444,86.46737,79.2778,86.46737,83.35492
2024-07-13 23:00:00,25.405216,90.084496,77.729385,90.084496,79.436295
2024-07-14 00:00:00,24.889236,91.80938,76.80063,91.80938,78.495735
2024-07-14 01:00:00,24.28476,93.60306,75.71257,93.60306,77.38317
2024-07-14 02:00:00,23.944477,95.284065,75.10006,95.284065,76.788414
2024-07-14 03:00:00,23.706116,96.076385,74.671005,96.076385,76.35369
2024-07-14 04:00:00,23.366821,96.87435,74.06028,96.87435,75.7194
2024-07-14 05:00:00,23.058125,97.93505,73.50462,97.93505,75.158035
2024-07-14 06:00:00,22.820282,97.667076,73.07651,97.667076,74.674515
2024-07-14 07:00:00,22.947979,96.19972,73.306366,96.19972,74.85839
2024-07-14 08:00:00,24.147293,93.89803,75.465126,93.89803,77.12484
2024-07-14 09:00:00,26.743193,84.33219,80.13775,84.33219,85.15491
2024-07-14 10:00:00,29.569857,73.16372,85.225746,73.16372,94.49466
2024-07-14 11:00:00,31.796179,63.176765,89.23312,63.176765,99.6044
2024-07-14 12:00:00,33.14912,57.163227,91.66841,57.163227,101.99667
2024-07-14 13:00:00,34.3474,51.268547,93.825325,51.268547,103.32291
2024-07-14 14:00:00,35.235676,47.107292,95.42422,47.107292,104.19258
2024-07-14 15:00:00,35.70352,44.237183,96.26634,44.237183,104.11
2024-07-14 16:00:00,35.699528,43.5231,96.25915,43.5231,103.61648
2024-07-14 17:00:00,35.56692,43.558094,96.02046,43.558094,103.13181
2024-07-14 18:00:00,35.69837,45.86052,96.257065,45.86052,105.20965
2024-07-14 19:00:00,34.158897,51.077827,93.486015,51.077827,102.418045
2024-07-14 20:00:00,32.367096,56.9596,90.26077,56.9596,98.59238
2024-07-14 21:00:00,30.253305,63.013226,86.45595,63.013226,93.164
2024-07-14 22:00:00,28.81704,69.586266,83.870674,69.586266,90.066635
2024-07-14 23:00:00,27.557213,76.94389,81.60298,76.94389,87.15057
2024-07-15 00:00:00,26.414394,81.24199,79.54591,81.24199,83.41829
2024-07-15 01:00:00,26.027449,83.1904,78.84941,83.1904,82.11511
2024-07-15 02:00:00,25.781416,83.59965,78.40655,83.59965,79.87639
2024-07-15 03:00:00,25.514677,84.30672,77.92642,84.30672,79.381485
2024-07-15 04:00:00,25.15529,86.665985,77.279526,86.665985,78.780785
2024-07-15 05:00:00,24.587746,90.290436,76.25794,90.290436,77.827385
2024-07-15 06:00:00,24.132664,93.16455,75.4388,93.16455,77.06141
2024-07-15 07:00:00,24.07394,91.33442,75.33309,91.33442,76.85912
2024-07-15 08:00:00,25.30823,89.19111,77.55481,89.19111,79.20227
2024-07-15 09:00:00,28.076994,79.34256,82.53859,79.34256,89.93928
2024-07-15 10:00:00,30.652996,69.71591,87.17539,69.71591,97.8842
2024-07-15 11:00:00,32.3813,62.54168,90.28634,62.54168,101.883705
2024-07-15 12:00:00,33.942673,56.086784,93.09682,56.086784,104.816345
2024-07-15 13:00:00,35.20303,49.45561,95.365456,49.45561,105.696724
2024-07-15 14:00:00,35.72878,46.97455,96.311806,46.97455,106.13242
2024-07-15 15:00:00,36.007313,46.397053,96.81316,46.397053,106.8783
2024-07-15 16:00:00,36.0911,46.711758,96.963974,46.711758,107.47046
2024-07-15 17:00:00,36.062782,46.152454,96.91301,46.152454,106.9296
2024-07-15 18:00:00,35.593407,46.703785,96.06813,46.703785,105.375305
2024-07-15 19:00:00,33.339977,54.97088,92.011955,54.97088,101.4556
2024-07-15 20:00:00,31.363228,58.85124,88.45381,58.85124,95.5871
2024-07-15 21:00:00,29.407516,64.43633,84.93353,64.43633,90.56825
2024-07-15 22:00:00,28.550089,67.44834,83.39016,67.44834,88.46039
2024-07-15 23:00:00,27.617783,74.32501,81.712006,74.32501,86.81102
2024-07-16 00:00:00,26.904375,75.78085,80.42787,75.78085,84.497765
2024-07-16 01:00:00,26.585815,77.34828,79.85447,77.34828,83.593025
2024-07-16 02:00:00,26.289642,79.398285,79.32136,79.398285,82.76856
2024-07-16 03:00:00,25.617802,82.31318,78.112045,82.31318,79.491974
2024-07-16 04:00:00,25.17292,85.00386,77.31126,85.00386,78.73756
2024-07-16 05:00:00,25.122164,86.17747,77.219894,86.17747,78.69222
2024-07-16 06:00:00,24.97875,86.77333,76.96175,86.77333,78.436264
2024-07-16 07:00:00,25.020195,86.07585,77.036354,86.07585,78.48555
2024-07-16 08:00:00,25.845377,83.84516,78.52168,83.84516,81.46127
2024-07-16 09:00:00,27.636236,77.18902,81.745224,77.18902,87.52053
2024-07-16 10:00:00,29.369545,70.99165,84.86518,70.99165,92.76436
2024-07-16 11:00:00,30.42314,67.95343,86.76165,67.95343,95.999176
2024-07-16 12:00:00,31.605701,65.91323,88.89027,65.91323,100.27955
2024-07-16 13:00:00,33.15488,61.91538,91.67879,61.91538,105.14173
2024-07-16 14:00:00,34.32433,57.438633,93.7838,57.438633,107.57611
2024-07-16 15:00:00,34.577824,56.195507,94.24008,56.195507,107.85181
2024-07-16 16:00:00,35.071312,54.00181,95.128365,54.00181,108.50444
2024-07-16 17:00:00,35.428207,51.27551,95.770775,51.27551,108.04277
2024-07-16 18:00:00,35.35194,50.84039,95.63349,50.84039,107.36709
2024-07-16 19:00:00,33.68575,56.082314,92.63435,56.082314,103.660446
2024-07-16 20:00:00,32.2837,61.13098,90.11066,61.13098,100.597275
2024-07-16 21:00:00,30.747946,64.380936,87.3463,64.380936,95.72109
2024-07-16 22:00:00,29.309372,76.032104,84.756874,76.032104,94.46145
2024-07-16 23:00:00,28.245451,77.83618,82.84181,77.83618,90.24924
2024-07-17 00:00:00,27.520384,76.10335,81.53669,76.10335,86.825294
2024-07-17 01:00:00,26.870253,78.08814,80.366455,78.08814,84.724686
2024-07-17 02:00:00,26.18798,80.923645,79.13837,80.923645,82.53926
2024-07-17 03:00:00,25.834898,83.38263,78.502815,83.38263,79.97208
2024-07-17 04:00:00,25.555346,83.73484,77.99962,83.73484,79.43512
2024-07-17 05:00:00,25.289448,83.533844,77.521,83.533844,78.89919
2024-07-17 06:00:00,25.085012,83.99145,77.15302,83.99145,78.51592
2024-07-17 07:00:00,25.002428,85.17359,77.00437,85.17359,78.40797
2024-07-17 08:00:00,25.244421,85.30596,77.43996,85.30596,78.893326
2024-07-17 09:00:00,26.917614,79.47747,80.451706,79.47747,85.12179
2024-07-17 10:00:00,28.660187,73.17784,83.58833,73.17784,90.579315
2024-07-17 11:00:00,30.486015,68.01735,86.87483,68.01735,96.30417
2024-07-17 12:00:00,31.86153,64.001884,89.35075,64.001884,100.36603
2024-07-17 13:00:00,32.828037,60.029453,91.09047,60.029453,102.36687
2024-07-17 14:00:00,33.43436,57.105797,92.18185,57.105797,103.21644
2024-07-17 15:00:00,34.092457,54.350716,93.366425,54.350716,104.294876
2024-07-17 16:00:00,34.469036,53.2816,94.044266,53.2816,105.218666
2024-07-17 17:00:00,34.697437,52.35719,94.45539,52.35719,105.57372
2024-07-17 18:00:00,34.903416,52.085907,94.82615,52.085907,106.290794
2024-07-17 19:00:00,33.891483,55.023884,93.00467,55.023884,103.86401
2024-07-17 20:00:00,31.740648,62.990387,89.13316,62.990387,99.25522
2024-07-17 21:00:00,29.70122,72.42123,85.4622,72.42123,94.77811
2024-07-17 22:00:00,28.61768,79.14408,83.511826,79.14408,92.36087
2024-07-17 23:00:00,28.332418,76.98353,82.99835,76.98353,90.37457
2024-07-18 00:00:00,28.081404,74.68129,82.546524,74.68129,88.680336
2024-07-18 01:00:00,26.260677,81.85687,79.26922,81.85687,82.89495
2024-07-18 02:00:00,24.999712,85.86093,76.99948,85.86093,78.43489
2024-07-18 03:00:00,24.71899,85.61019,76.49419,85.61019,77.86729
2024-07-18 04:00:00,24.741558,86.883514,76.534805,86.883514,77.97181
2024-07-18 05:00:00,24.789427,87.59927,76.62097,87.59927,78.100235
2024-07-18 06:00:00,24.600063,88.36216,76.28011,88.36216,77.761154
2024-07-18 07:00:00,24.373375,87.682655,75.87208,87.682655,77.280365
2024-07-18 08:00:00,25.06584,86.76056,77.118515,86.76056,78.60811
2024-07-18 09:00:00,25.940397,83.3438,78.69272,83.3438,81.79385
2024-07-18 10:00:00,26.393024,82.42096,79.50745,82.42096,83.46409
2024-07-18 11:00:00,27.971594,77.534325,82.34887,77.534325,88.98647
2024-07-18 12:00:00,30.260881,69.79385,86.46959,69.79385,96.132324
2024-07-18 13:00:00,31.904837,63.80136,89.4287,63.80136,100.447975
2024-07-18 14:00:00,32.558506,59.99069,90.60531,59.99069,101.13693
2024-07-18 15:00:00,29.808615,62.491302,85.6555,62.491302,91.3243
2024-07-18 16:00:00,25.288364,84.49743,77.51906,84.49743,78.942345
2024-07-18 17:00:00,24.25791,90.87927,75.66424,90.87927,77.20199
2024-07-18 18:00:00,24.737452,93.21494,76.52741,93.21494,78.26125
2024-07-18 19:00:00,24.642767,94.83205,76.35698,94.83205,78.14979
2024-07-18 20:00:00,24.533836,95.73984,76.160904,95.73984,77.97677
2024-07-18 21:00:00,24.328558,97.05238,75.791405,97.05238,77.63201
2024-07-18 22:00:00,24.31236,97.60312,75.76225,97.60312,77.625824
2024-07-18 23:00:00,24.182854,98.45852,75.52914,98.45852,77.4096
2024-07-19 00:00:00,23.924114,99.28095,75.06341,99.28095,76.93596
2024-07-19 01:00:00,23.653456,98.954185,74.57622,98.954185,76.38469
2024-07-19 02:00:00,23.596441,98.79328,74.473595,98.79328,76.26424
2024-07-19 03:00:00,23.443655,99.2063,74.19858,99.2063,75.98113
2024-07-19 04:00:00,23.51577,99.538635,74.328384,99.538635,76.139534
2024-07-19 05:00:00,23.384768,99.2745,74.09258,99.2745,75.867744
2024-07-19 06:00:00,22.9553,98.86679,73.319534,98.86679,74.99822
2024-07-19 07:00:00,22.935844,98.15472,73.28452,98.15472,74.92625
2024-07-19 08:00:00,23.336365,97.86385,74.005455,97.86385,75.705605
2024-07-19 09:00:00,24.06626,95.587135,75.31927,95.587135,77.04379
2024-07-19 10:00:00,25.310305,90.042206,77.55855,90.042206,79.24639
2024-07-19 11:00:00,26.137316,86.12627,79.047165,86.12627,82.77916
2024-07-19 12:00:00,27.636786,80.11037,81.746216,80.11037,88.2033
2024-07-19 13:00:00,28.60961,75.33002,83.4973,75.33002,91.05551
2024-07-19 14:00:00,29.519726,69.28125,85.135506,69.28125,92.73922
2024-07-19 15:00:00,29.250637,69.48968,84.651146,69.48968,91.72709
2024-07-19 16:00:00,27.052523,79.04544,80.69454,79.04544,85.57693
2024-07-19 17:00:00,23.9774,91.87269,75.15932,91.87269,76.69327
2024-07-19 18:00:00,24.124334,95.18353,75.4238,95.18353,77.1398
2024-07-19 19:00:00,24.755917,95.07146,76.56065,95.07146,78.38508
2024-07-19 20:00:00,24.582338,95.5118,76.24821,95.5118,78.06207
2024-07-19 21:00:00,24.2853,95.80765,75.71354,95.80765,77.48785
2024-07-19 22:00:00,23.70401,95.52067,74.66722,95.52067,76.32342
2024-07-19 23:00:00,23.306074,96.27649,73.950935,96.27649,75.57102
2024-07-20 00:00:00,23.075142,96.263,73.535255,96.263,75.11314
2024-07-20 01:00:00,22.995874,97.747475,73.39258,97.747475,75.02597
2024-07-20 02:00:00,22.986088,98.03619,73.374954,98.03619,75.02016
2024-07-20 03:00:00,22.954685,98.315025,73.318436,98.315025,74.971085
2024-07-20 04:00:00,22.80347,99.540726,73.04625,99.540726,74.72929
2024-07-20 05:00:00,22.807219,99.11918,73.05299,99.11918,74.716896
2024-07-20 06:00:00,22.688147,99.20043,72.83866,99.20043,74.48495
2024-07-20 07:00:00,22.650303,98.73919,72.770546,98.73919,74.388336
2024-07-20 08:00:00,22.88432,98.23089,73.19177,98.23089,74.827805
2024-07-20 09:00:00,23.274246,96.99596,73.89365,96.99596,75.54182
2024-07-20 10:00:00,24.308365,93.51742,75.75506,93.51742,77.42589
2024-07-20 11:00:00,25.486496,87.94193,77.875694,87.94193,79.49654
2024-07-20 12:00:00,26.614834,81.62097,79.9067,81.62097,84.24408
2024-07-20 13:00:00,26.504185,80.85247,79.707535,80.85247,83.716965
2024-07-20 14:00:00,27.897787,75.654465,82.21602,75.654465,88.19995
2024-07-20 15:00:00,28.764456,71.76625,83.77602,71.76625,90.55198
2024-07-20 16:00:00,29.210268,70.59922,84.57848,70.59922,91.959946
2024-07-20 17:00:00,29.420336,71.66002,84.956604,71.66002,93.23514
2024-07-20 18:00:00,28.695692,72.22187,83.652245,72.22187,90.42109
2024-07-20 19:00:00,24.816584,89.49068,76.66985,89.49068,78.242905
2024-07-20 20:00:00,24.020142,94.68167,75.23625,94.68167,76.90991
2024-07-20 21:00:00,23.669645,96.56736,74.60536,96.56736,76.304565
2024-07-20 22:00:00,23.523197,97.93234,74.34175,97.93234,76.07875
2024-07-20 23:00:00,23.342207,98.56682,74.015976,98.56682,75.75021
2024-07-21 00:00:00,23.172333,98.801384,73.7102,98.801384,75.42488
2024-07-21 01:00:00,22.930916,98.624756,73.27565,98.624756,74.938576
2024-07-21 02:00:00,22.814522,98.88547,73.06614,98.88547,74.72036
2024-07-21 03:00:00,22.712608,99.47961,72.8827,99.47961,74.54651
2024-07-21 04:00:00,22.651712,99.63434,72.77309,99.63434,74.43321
2024-07-21 05:00:00,22.559084,99.540825,72.60635,99.540825,74.24541
2024-07-21 06:00:00,22.515253,99.632,72.52746,99.632,74.16291
2024-07-21 07:00:00,22.395187,98.29236,72.31134,98.29236,73.86222
2024-07-21 08:00:00,22.71634,97.96029,72.88941,97.96029,74.48248
2024-07-21 09:00:00,23.9039,93.86639,75.02702,93.86639,76.64145
2024-07-21 10:00:00,25.277174,87.9074,77.49892,87.9074,79.08045
2024-07-21 11:00:00,26.751492,80.77813,80.15269,80.77813,84.66834
2024-07-21 12:00:00,28.02314,75.12497,82.44165,75.12497,88.56474
2024-07-21 13:00:00,28.808681,70.51024,83.85563,70.51024,90.32619
2024-07-21 14:00:00,29.952354,65.50304,85.91424,65.50304,93.00174
2024-07-21 15:00:00,30.463583,62.56094,86.83445,62.56094,93.78102
2024-07-21 16:00:00,30.545563,62.4672,86.98201,62.4672,94.057335
2024-07-21 17:00:00,30.88106,62.45093,87.58591,62.45093,95.3705
2024-07-21 18:00:00,31.392265,61.660656,88.50608,61.660656,97.0694
2024-07-21 19:00:00,30.24499,65.25741,86.44098,65.25741,94.06058
2024-07-21 20:00:00,28.239986,75.45328,82.83198,75.45328,89.53507
2024-07-21 21:00:00,27.008593,81.15801,80.61546,81.15801,85.76506
2024-07-21 22:00:00,26.255096,86.067604,79.25917,86.067604,83.27205
2024-07-21 23:00:00,25.989622,88.5737,78.78132,88.5737,82.32671
2024-07-22 00:00:00,25.524336,90.97894,77.9438,90.97894,79.71419
2024-07-22 01:00:00,24.397223,91.97635,75.915,91.97635,77.529396
2024-07-22 02:00:00,22.102541,96.97558,71.78458,96.97558,73.22089
2024-07-22 03:00:00,22.169573,98.4816,71.90523,98.4816,73.424385
2024-07-22 04:00:00,22.135178,99.34501,71.84332,99.34501,73.396866
2024-07-22 05:00:00,22.114746,99.5244,71.80654,99.5244,73.36485
2024-07-22 06:00:00,22.093536,99.59714,71.768364,99.59714,73.32627
2024-07-22 07:00:00,22.30749,98.676796,72.15348,98.676796,73.706635
2024-07-22 08:00:00,22.515316,98.467636,72.52757,98.467636,74.10831
2024-07-22 09:00:00,22.859718,97.998665,73.14749,97.998665,74.76817
2024-07-22 10:00:00,23.40159,97.058044,74.12286,97.058044,75.79688
2024-07-22 11:00:00,24.339018,94.65438,75.810234,94.65438,77.540016
2024-07-22 12:00:00,26.02687,89.01269,78.848366,89.01269,82.52185
2024-07-22 13:00:00,28.112062,80.12215,82.601715,80.12215,90.3215
2024-07-22 14:00:00,29.1689,74.06758,84.50401,74.06758,93.05565
2024-07-22 15:00:00,26.65172,81.74104,79.9731,81.74104,84.40679
2024-07-22 16:00:00,23.163563,94.270836,73.69441,94.270836,75.19458
2024-07-22 17:00:00,25.756994,93.36276,78.36259,93.36276,81.5027
2024-07-22 18:00:00,27.16606,89.78788,80.89891,89.78788,88.72419
2024-07-22 19:00:00,25.3052,91.79428,77.54936,91.79428,79.31863
2024-07-22 20:00:00,25.253572,94.93502,77.45643,94.93502,79.36401
2024-07-22 21:00:00,24.424232,97.36767,75.963615,97.36767,77.83626
2024-07-22 22:00:00,24.348318,98.31957,75.82697,98.31957,77.73068
2024-07-22 23:00:00,24.06045,98.66277,75.30881,98.66277,77.17684
2024-07-23 00:00:00,23.7877,98.82357,74.81786,98.82357,76.64436
2024-07-23 01:00:00,23.727524,99.10293,74.70954,99.10293,76.53833
2024-07-23 02:00:00,23.645592,98.9119,74.562065,98.9119,76.367134
2024-07-23 03:00:00,23.341066,99.52509,74.013916,99.52509,75.79299
2024-07-23 04:00:00,23.152754,99.34228,73.67496,99.34228,75.411545
2024-07-23 05:00:00,22.899517,99.52981,73.21913,99.52981,74.918945
2024-07-23 06:00:00,22.762194,99.64658,72.97195,99.64658,74.652534
2024-07-23 07:00:00,22.740484,98.4134,72.93287,98.4134,74.55158
2024-07-23 08:00:00,23.29659,97.25861,73.93386,97.25861,75.598404
2024-07-23 09:00:00,25.25149,92.018295,77.45268,92.018295,79.22281
2024-07-23 10:00:00,27.22164,87.00513,80.99895,87.00513,88.07865
2024-07-23 11:00:00,28.964598,79.45191,84.13628,79.45191,94.14594
2024-07-23 12:00:00,30.559498,73.189514,87.007095,73.189514,99.21336
2024-07-23 13:00:00,31.49799,67.07019,88.69638,67.07019,100.43127
2024-07-23 14:00:00,31.86864,64.36155,89.363556,64.36155,100.60611
2024-07-23 15:00:00,31.251268,67.391624,88.25228,67.391624,99.451515
2024-07-23 16:00:00,30.683203,68.3841,87.22977,68.3841,97.35948
2024-07-23 17:00:00,29.274494,76.503784,84.69409,76.503784,94.48611
2024-07-23 18:00:00,29.183998,77.630455,84.5312,77.630455,94.503685
2024-07-23 19:00:00,28.889925,80.76315,84.00187,80.76315,94.27641
2024-07-23 20:00:00,27.767492,81.98866,81.98148,81.98866,89.25287
2024-07-23 21:00:00,26.209791,86.27346,79.17763,86.27346,83.09839
2024-07-23 22:00:00,25.990318,88.329445,78.78258,88.329445,82.31355
2024-07-23 23:00:00,25.667494,90.45459,78.20149,90.45459,79.97301
2024-07-24 00:00:00,24.099669,92.61785,75.3794,92.61785,76.97038
2024-07-24 01:00:00,22.631586,98.20391,72.736855,98.20391,74.32612
2024-07-24 02:00:00,22.670815,98.448135,72.807465,98.448135,74.41527
2024-07-24 03:00:00,22.637526,99.10634,72.74754,99.10634,74.380295
2024-07-24 04:00:00,22.90894,99.87754,73.23609,99.87754,74.95394
2024-07-24 05:00:00,23.280869,99.94981,73.90556,99.94981,75.693756
2024-07-24 06:00:00,23.450552,99.354355,74.21099,99.354355,76.00175
2024-07-24 07:00:00,23.486137,98.70023,74.27505,98.70023,76.041466
2024-07-24 08:00:00,23.653997,98.68964,74.577194,98.68964,76.37333
2024-07-24 09:00:00,24.292652,95.428604,75.726776,95.428604,77.4846
2024-07-24 10:00:00,25.018248,93.79474,77.032845,93.79474,78.84448
2024-07-24 11:00:00,25.762836,90.80431,78.37311,90.80431,81.43207
2024-07-24 12:00:00,27.452768,83.24075,81.414986,83.24075,88.11106
2024-07-24 13:00:00,28.470772,78.87255,83.24739,78.87255,91.584625
2024-07-24 14:00:00,29.58091,74.51599,85.245636,74.51599,95.1101
2024-07-24 15:00:00,30.162394,71.63735,86.29231,71.63735,96.53738
2024-07-24 16:00:00,30.560139,69.92713,87.008255,69.92713,97.55882
2024-07-24 17:00:00,30.818075,68.78276,87.472534,68.78276,98.17608
2024-07-24 18:00:00,31.117365,68.29718,88.01125,68.29718,99.31565
2024-07-24 19:00:00,30.164864,70.26468,86.29675,70.26468,95.91748
2024-07-24 20:00:00,28.67994,77.50355,83.623886,77.50355,92.08861
2024-07-24 21:00:00,27.360067,84.20849,81.24812,84.20849,87.89893
2024-07-24 22:00:00,26.330751,85.70887,79.395355,85.70887,83.558365
2024-07-24 23:00:00,25.018795,89.03937,77.03383,89.03937,78.62206
2024-07-25 00:00:00,23.957811,94.549545,75.12406,94.549545,76.78029
2024-07-25 01:00:00,23.697294,94.8698,74.65513,94.8698,76.27952
2024-07-25 02:00:00,23.491234,95.09641,74.284225,95.09641,75.88218
2024-07-25 03:00:00,23.245317,96.68264,73.84157,96.68264,75.46981
2024-07-25 04:00:00,23.06516,97.06759,73.51729,97.06759,75.131195
2024-07-25 05:00:00,22.880074,97.76268,73.18413,97.76268,74.797386
2024-07-25 06:00:00,22.965788,98.6107,73.33842,98.6107,75.00696
2024-07-25 07:00:00,23.008617,98.03411,73.41551,98.03411,75.06467
2024-07-25 08:00:00,23.149054,98.25882,73.6683,98.25882,75.353294
2024-07-25 09:00:00,23.405983,98.30465,74.13077,98.30465,75.86416
2024-07-25 10:00:00,23.790752,98.086586,74.82336,98.086586,76.61577
2024-07-25 11:00:00,23.71374,97.30033,74.68473,97.30033,76.426315
2024-07-25 12:00:00,23.591558,97.50341,74.464806,97.50341,76.19395
2024-07-25 13:00:00,23.71792,97.31411,74.69226,97.31411,76.43525
2024-07-25 14:00:00,23.30611,97.800934,73.951,97.800934,75.64273
2024-07-25 15:00:00,23.010788,98.58208,73.41942,98.58208,75.09471
2024-07-25 16:00:00,23.367954,98.584305,74.06232,98.584305,75.80201
2024-07-25 17:00:00,24.381779,96.629845,75.8872,96.629845,77.71753
2024-07-25 18:00:00,24.908195,95.48658,76.834755,95.48658,78.70609
2024-07-25 19:00:00,24.95643,95.21,76.92158,95.21,78.7886
2024-07-25 20:00:00,24.70187,95.64442,76.46336,95.64442,78.304985
2024-07-25 21:00:00,24.064766,97.13621,75.316574,97.13621,77.11363
2024-07-25 22:00:00,23.73299,99.032524,74.71938,99.032524,76.54585
2024-07-25 23:00:00,23.623682,99.46716,74.52263,99.46716,76.349846
2024-07-26 00:00:00,23.511581,99.47055,74.32085,99.47055,76.12805
2024-07-26 01:00:00,23.368254,99.57862,74.06286,99.57862,75.84935
2024-07-26 02:00:00,23.187475,99.64242,73.73746,99.64242,75.4944
2024-07-26 03:00:00,23.140312,99.66454,73.652565,99.66454,75.402054
2024-07-26 04:00:00,23.036142,99.63431,73.46506,99.63431,75.19438
2024-07-26 05:00:00,22.951565,99.7062,73.31282,99.7062,75.03029
2024-07-26 06:00:00,23.103655,99.51347,73.58658,99.51347,75.322365
2024-07-26 07:00:00,23.158411,99.10763,73.68514,99.10763,75.41172
2024-07-26 08:00:00,23.39581,98.76639,74.11246,98.76639,75.86572
2024-07-26 09:00:00,23.748062,97.214386,74.74651,97.214386,76.49024
2024-07-26 10:00:00,24.20898,95.80959,75.576164,95.80959,77.33684
2024-07-26 11:00:00,25.245583,91.56792,77.44205,91.56792,79.18994
2024-07-26 12:00:00,26.378166,85.855675,79.4807,85.855675,83.77711
2024-07-26 13:00:00,27.047403,82.29167,80.685326,82.29167,86.12679
2024-07-26 14:00:00,27.30648,80.58643,81.151665,80.58643,86.898155
2024-07-26 15:00:00,27.570114,77.97582,81.626205,77.97582,87.431244
2024-07-26 16:00:00,27.810265,76.445656,82.05848,76.445656,88.0448
2024-07-26 17:00:00,27.595284,78.65517,81.67151,78.65517,87.68826
2024-07-26 18:00:00,27.254938,80.589226,81.05889,80.589226,86.68242
2024-07-26 19:00:00,25.959324,84.59494,78.72678,84.59494,81.94405
2024-07-26 20:00:00,24.197262,90.92021,75.55507,90.92021,77.083824
2024-07-26 21:00:00,23.444267,93.981674,74.199684,93.981674,75.736786
2024-07-26 22:00:00,23.010235,93.65406,73.41843,93.65406,74.86201
2024-07-26 23:00:00,22.844494,94.71903,73.12009,94.71903,74.58389
2024-07-27 00:00:00,22.667389,95.38954,72.8013,95.38954,74.26474
2024-07-27 01:00:00,22.47286,96.37522,72.45115,96.37522,73.925896
2024-07-27 02:00:00,22.592197,96.95224,72.665955,96.95224,74.18931
2024-07-27 03:00:00,22.290346,97.493996,72.12262,97.493996,73.617096
2024-07-27 04:00:00,22.354378,96.1702,72.23788,96.1702,73.68166
2024-07-27 05:00:00,22.097862,95.87607,71.77615,95.87607,73.15994
2024-07-27 06:00:00,21.783129,95.33961,71.20963,95.33961,72.51156
2024-07-27 07:00:00,21.293856,96.166916,70.32894,96.166916,71.58168
2024-07-27 08:00:00,21.5774,94.76643,70.83932,94.76643,72.07728
2024-07-27 09:00:00,23.129173,85.567665,73.632515,85.567665,74.717445
2024-07-27 10:00:00,24.615396,76.17082,76.30772,76.17082,77.218506
2024-07-27 11:00:00,26.006062,68.511246,78.81091,68.511246,79.61204
2024-07-27 12:00:00,27.08443,63.174652,80.751976,63.174652,83.17909
2024-07-27 13:00:00,28.017324,60.004246,82.43118,60.004246,85.05665
2024-07-27 14:00:00,28.546843,58.36369,83.384315,58.36369,86.13333
2024-07-27 15:00:00,28.858568,58.1457,83.94542,58.1457,86.9518
2024-07-27 16:00:00,29.143452,57.4991,84.45821,57.4991,87.6004
2024-07-27 17:00:00,29.342829,57.281876,84.81709,57.281876,88.12441
2024-07-27 18:00:00,29.054256,58.56938,84.29766,58.56938,87.63063
2024-07-27 19:00:00,28.142477,60.872967,82.656456,60.872967,85.57715
2024-07-27 20:00:00,26.702845,67.32462,80.065125,67.32462,82.731476
2024-07-27 21:00:00,24.815218,75.42861,76.66739,75.42861,77.57927
2024-07-27 22:00:00,22.829756,84.45413,73.09356,84.45413,74.072266
2024-07-27 23:00:00,21.86644,89.31862,71.35959,89.31862,72.393524
2024-07-28 00:00:00,21.10062,92.76719,69.98112,92.76719,71.039276
2024-07-28 01:00:00,20.42212,93.47056,68.75981,93.47056,69.72891
2024-07-28 02:00:00,20.068499,94.2019,68.1233,94.2019,69.06312
2024-07-28 03:00:00,19.324034,95.38557,66.783264,95.38557,67.644714
2024-07-28 04:00:00,19.02195,95.7072,66.23951,95.7072,67.0617
2024-07-28 05:00:00,18.638351,95.29905,65.549034,95.29905,66.28299
2024-07-28 06:00:00,18.226837,96.00912,64.808304,96.00912,65.501564
2024-07-28 07:00:00,18.151045,96.778175,64.67188,96.778175,65.38764
2024-07-28 08:00:00,19.25225,95.85402,66.65405,95.85402,67.5246
2024-07-28 09:00:00,22.63233,88.42988,72.73819,88.42988,73.86821
2024-07-28 10:00:00,25.333954,76.63354,77.60112,76.63354,78.66301
2024-07-28 11:00:00,27.418373,64.46908,81.35307,64.46908,84.26367
2024-07-28 12:00:00,28.56499,53.680428,83.41698,53.680428,85.142
2024-07-28 13:00:00,29.419937,49.65578,84.95589,49.65578,86.31471
2024-07-28 14:00:00,30.06383,48.18021,86.11489,48.18021,87.54907
2024-07-28 15:00:00,30.561298,46.877403,87.01034,46.877403,88.46974
2024-07-28 16:00:00,30.569448,47.56057,87.02501,47.56057,88.695145
2024-07-28 17:00:00,30.67183,48.42941,87.20929,48.42941,89.24185
2024-07-28 18:00:00,30.754086,49.30313,87.35735,49.30313,89.75502
2024-07-28 19:00:00,29.63088,54.45129,85.33559,54.45129,88.146324
2024-07-28 20:00:00,27.60524,60.8303,81.68943,60.8303,84.13406
2024-07-28 21:00:00,25.171528,71.16885,77.30875,71.16885,78.08456
2024-07-28 22:00:00,23.406239,82.99081,74.131226,82.99081,75.14491
2024-07-28 23:00:00,22.623243,86.58306,72.72184,86.58306,73.76343
2024-07-29 00:00:00,22.247612,86.51019,72.0457,86.51019,73.01625
2024-07-29 01:00:00,21.869549,85.76613,71.36519,85.76613,72.23271
2024-07-29 02:00:00,21.39858,87.28241,70.51744,87.28241,71.37146
2024-07-29 03:00:00,20.893494,90.61192,69.60829,90.61192,70.52788
2024-07-29 04:00:00,20.597013,89.39188,69.07462,89.39188,69.8835
2024-07-29 05:00:00,20.471117,88.651276,68.84801,88.651276,69.59942
2024-07-29 06:00:00,20.184763,89.94783,68.33257,89.94783,69.09338
2024-07-29 07:00:00,20.414387,87.9879,68.745895,87.9879,69.45592
2024-07-29 08:00:00,21.278194,87.51606,70.30075,87.51606,71.14407
2024-07-29 09:00:00,22.595486,83.26506,72.671875,83.26506,73.55252
2024-07-29 10:00:00,23.538473,82.178055,74.36925,82.178055,75.36854
2024-07-29 11:00:00,23.89352,82.14519,75.00834,82.14519,76.06999
2024-07-29 12:00:00,23.5429,84.84726,74.37722,84.84726,75.50277
2024-07-29 13:00:00,22.586763,90.057755,72.65617,90.057755,73.8545
2024-07-29 14:00:00,22.692184,91.902016,72.84593,91.902016,74.149925
2024-07-29 15:00:00,23.469202,90.059044,74.24457,90.059044,75.6018
2024-07-29 16:00:00,23.841984,88.579025,74.91557,88.579025,76.27035
2024-07-29 17:00:00,24.519352,86.7099,76.134834,86.7099,77.523674
2024-07-29 18:00:00,24.386639,86.582794,75.89595,86.582794,77.25494
2024-07-29 19:00:00,23.5724,89.15812,74.43032,89.15812,75.76379
2024-07-29 20:00:00,23.163902,92.08332,73.69502,92.08332,75.092445
2024-07-29 21:00:00,22.91932,94.488754,73.254776,94.488754,74.72122
2024-07-29 22:00:00,22.659414,97.46116,72.78694,97.46116,74.346306
2024-07-29 23:00:00,22.658468,98.48434,72.78524,98.48434,74.39253
2024-07-30 00:00:00,22.48748,98.27822,72.47746,98.27822,74.04429
2024-07-30 01:00:00,22.372246,98.31651,72.27004,98.31651,73.817924
2024-07-30 02:00:00,22.310183,98.40528,72.158325,98.40528,73.6992
2024-07-30 03:00:00,22.3439,98.49248,72.219025,98.49248,73.77007
2024-07-30 04:00:00,22.353827,98.47375,72.236885,98.47375,73.78883
2024-07-30 05:00:00,22.205292,99.14962,71.96953,99.14962,73.52651
2024-07-30 06:00:00,22.251904,98.3142,72.05343,98.3142,73.579544
2024-07-30 07:00:00,22.12581,97.699135,71.82646,97.699135,73.300964
2024-07-30 08:00:00,22.360142,97.21348,72.24825,97.21348,73.74211
2024-07-30 09:00:00,23.715097,93.43944,74.68718,93.43944,76.24755
2024-07-30 10:00:00,24.530746,90.115295,76.15534,90.115295,77.70629
2024-07-30 11:00:00,25.712673,86.85405,78.282814,86.85405,79.89323
2024-07-30 12:00:00,27.623808,79.80494,81.722855,79.80494,88.07526
2024-07-30 13:00:00,29.41624,73.61031,84.949234,73.61031,93.98291
2024-07-30 14:00:00,30.592175,69.40759,87.06591,69.40759,97.44997
2024-07-30 15:00:00,31.206957,66.1109,88.17252,66.1109,98.56157
2024-07-30 16:00:00,31.003267,67.42408,87.805885,67.42408,98.32574
2024-07-30 17:00:00,31.271938,68.76868,88.28949,68.76868,100.31084
2024-07-30 18:00:00,31.700129,67.81283,89.06023,67.81283,101.8382
2024-07-30 19:00:00,30.33929,70.3603,86.610725,70.3603,96.7521
2024-07-30 20:00:00,29.033043,74.995995,84.259476,74.995995,92.79555
2024-07-30 21:00:00,28.01703,78.88986,82.43066,78.88986,89.5477
2024-07-30 22:00:00,26.725391,85.67059,80.105705,85.67059,85.36827
2024-07-30 23:00:00,25.946089,87.99813,78.70296,87.99813,82.10071
2024-07-31 00:00:00,25.306679,90.71404,77.55202,90.71404,79.270775
2024-07-31 01:00:00,24.906279,92.6845,76.8313,92.6845,78.5706
2024-07-31 02:00:00,24.97654,92.164665,76.95777,92.164665,78.68529
2024-07-31 03:00:00,24.753702,88.82033,76.55666,88.82033,78.08688
2024-07-31 04:00:00,24.174683,86.76674,75.51443,86.76674,76.84391
2024-07-31 05:00:00,23.23567,88.27859,73.8242,88.27859,75.05572
2024-07-31 06:00:00,22.755802,89.63466,72.96044,89.63466,74.16932
2024-07-31 07:00:00,22.107317,91.2818,71.79317,91.2818,72.96273
2024-07-31 08:00:00,22.823881,90.233604,73.082985,90.233604,74.33226
2024-07-31 09:00:00,24.815523,83.21193,76.66794,83.21193,77.94569
2024-07-31 10:00:00,26.89056,76.615166,80.40301,76.615166,84.57526
2024-07-31 11:00:00,28.531593,70.48968,83.356865,70.48968,89.25742
2024-07-31 12:00:00,29.943575,65.98747,85.89844,65.98747,93.15993
2024-07-31 13:00:00,31.156353,62.7992,88.081436,62.7992,96.65764
2024-07-31 14:00:00,31.590334,62.04786,88.8626,62.04786,98.097946
2024-07-31 15:00:00,31.853401,62.334824,89.33612,62.334824,99.38807
2024-07-31 16:00:00,32.63472,59.98526,90.74249,59.98526,101.47187
2024-07-31 17:00:00,32.706055,59.575565,90.870895,59.575565,101.538956
2024-07-31 18:00:00,32.729885,59.60944,90.913795,59.60944,101.66554
2024-07-31 19:00:00,31.555883,63.447094,88.80059,63.447094,98.69274
2024-07-31 20:00:00,29.834558,71.03187,85.7022,71.03187,94.78433
2024-07-31 21:00:00,27.9983,78.55279,82.39694,78.55279,89.37387
2024-07-31 22:00:00,26.689281,87.64783,80.04071,87.64783,85.77207
2024-07-31 23:00:00,25.780262,90.950386,78.40447,90.950386,81.516975
2024-08-01 00:00:00,25.28207,91.889366,77.50773,91.889366,79.2773
2024-08-01 01:00:00,24.922745,93.18023,76.86094,93.18023,78.6265
2024-08-01 02:00:00,24.537296,92.40351,76.16713,92.40351,77.826805
2024-08-01 03:00:00,24.025826,93.54655,75.24648,93.54655,76.86783
2024-08-01 04:00:00,23.527222,95.36686,74.349,95.36686,75.96614
2024-08-01 05:00:00,23.275932,95.90567,73.89668,95.90567,75.49392
2024-08-01 06:00:00,23.169945,96.98711,73.7059,96.98711,75.334885
2024-08-01 07:00:00,23.131075,95.26916,73.63593,95.26916,75.17718
2024-08-01 08:00:00,24.517239,92.093796,76.13103,92.093796,77.77254
2024-08-01 09:00:00,26.930912,84.44729,80.47564,84.44729,85.99616
2024-08-01 10:00:00,29.72042,74.62344,85.49676,74.62344,95.81416
2024-08-01 11:00:00,31.456415,65.87194,88.621544,65.87194,99.56661
2024-08-01 12:00:00,32.595028,60.532265,90.67105,60.532265,101.62767
2024-08-01 13:00:00,33.347755,57.383648,92.025955,57.383648,103.011345
2024-08-01 14:00:00,34.072517,54.524727,93.33053,54.524727,104.32538
2024-08-01 15:00:00,34.361668,52.72716,93.851,52.72716,104.36365
2024-08-01 16:00:00,34.60645,52.03338,94.29161,52.03338,104.946915
2024-08-01 17:00:00,34.53634,53.027843,94.16541,53.027843,105.33762
2024-08-01 18:00:00,34.521023,54.111916,94.13784,54.111916,106.04318
2024-08-01 19:00:00,33.25499,57.643314,91.858986,57.643314,102.76628
2024-08-01 20:00:00,31.086155,66.39152,87.95508,66.39152,98.16531
2024-08-01 21:00:00,29.561047,73.05143,85.209885,73.05143,94.4086
2024-08-01 22:00:00,28.278185,82.317276,82.900734,82.317276,91.7767
2024-08-01 23:00:00,27.36897,86.28822,81.264145,86.28822,88.551125
2024-08-02 00:00:00,26.558905,90.05058,79.80603,90.05058,85.11873
2024-08-02 01:00:00,26.20486,89.5911,79.16875,89.5911,83.3792
2024-08-02 02:00:00,25.807964,90.912544,78.45434,90.912544,81.641945
2024-08-02 03:00:00,25.54706,91.74257,77.98471,91.74257,79.79508
2024-08-02 04:00:00,24.867096,93.74641,76.76077,93.74641,78.54293
2024-08-02 05:00:00,24.651804,95.55387,76.373245,95.55387,78.2016
2024-08-02 06:00:00,24.6022,95.065125,76.28396,95.065125,78.08042
2024-08-02 07:00:00,24.397774,92.64995,75.91599,92.64995,77.56213
2024-08-02 08:00:00,24.77093,91.22246,76.58768,91.22246,78.233894
2024-08-02 09:00:00,26.840078,84.43689,80.31214,84.43689,85.59356
2024-08-02 10:00:00,28.917896,76.56169,84.052216,76.56169,92.845245
2024-08-02 11:00:00,31.08765,68.46079,87.95777,68.46079,99.26428
2024-08-02 12:00:00,32.516098,64.13079,90.52898,64.13079,103.52134
2024-08-02 13:00:00,33.786,59.88288,92.814804,59.88288,106.77579
2024-08-02 14:00:00,34.62543,56.613388,94.325775,56.613388,108.40087
2024-08-02 15:00:00,34.735355,55.89139,94.523636,55.89139,108.37282
2024-08-02 16:00:00,35.00685,54.196705,95.01233,54.196705,108.352234
2024-08-02 17:00:00,33.497738,60.904823,92.29593,60.904823,106.10457
2024-08-02 18:00:00,31.289564,65.0821,88.32121,65.0821,98.38873
2024-08-02 19:00:00,28.761984,66.344986,83.77157,66.344986,88.88616
2024-08-02 20:00:00,27.47569,70.413345,81.456245,70.413345,85.51363
2024-08-02 21:00:00,26.10082,76.402054,78.981476,76.402054,81.87484
2024-08-02 22:00:00,25.020346,83.00598,77.03662,83.00598,78.34157
2024-08-02 23:00:00,24.870653,85.399345,76.76717,85.399345,78.15767
2024-08-03 00:00:00,24.704868,87.18318,76.468765,87.18318,77.91325
2024-08-03 01:00:00,24.763191,88.38885,76.573746,88.38885,78.085396
2024-08-03 02:00:00,24.648008,89.41669,76.36642,89.41669,77.90565
2024-08-03 03:00:00,24.289171,92.29479,75.720505,92.29479,77.33041
2024-08-03 04:00:00,24.084345,93.75294,75.35182,93.75294,76.99339
2024-08-03 05:00:00,23.993252,94.48562,75.18785,94.48562,76.847466
2024-08-03 06:00:00,24.280521,93.714615,75.70494,93.714615,77.38002
2024-08-03 07:00:00,24.294662,92.415474,75.73039,92.415474,77.34696
2024-08-03 08:00:00,24.652191,91.04622,76.37395,91.04622,77.99052
2024-08-03 09:00:00,26.115383,85.51888,79.00769,85.51888,82.63861
2024-08-03 10:00:00,28.075052,78.47702,82.535095,78.47702,89.68724
2024-08-03 11:00:00,29.412067,72.94699,84.94173,72.94699,93.7014
2024-08-03 12:00:00,30.831486,68.708626,87.49667,68.708626,98.20014
2024-08-03 13:00:00,31.979597,65.13342,89.56328,65.13342,101.57841
2024-08-03 14:00:00,32.703495,63.058205,90.86629,63.058205,103.72798
2024-08-03 15:00:00,32.701824,61.45313,90.86328,61.45313,102.687294
2024-08-03 16:00:00,26.049877,84.053635,78.88978,84.053635,82.263405
2024-08-03 17:00:00,25.1213,92.73848,77.21834,92.73848,78.998886
2024-08-03 18:00:00,23.311798,96.09929,73.961235,96.09929,75.574036
2024-08-03 19:00:00,22.493847,96.7326,72.48892,96.7326,73.984245
2024-08-03 20:00:00,21.978365,97.19338,71.56106,97.19338,72.98526
2024-08-03 21:00:00,21.704859,96.830536,71.06875,96.830536,72.42666
2024-08-03 22:00:00,21.678131,98.18554,71.02064,98.18554,72.43742
2024-08-03 23:00:00,21.662888,98.43909,70.993195,98.43909,72.41915
2024-08-04 00:00:00,21.904976,98.647484,71.428955,98.647484,72.90828
2024-08-04 01:00:00,21.640488,98.90045,70.95288,98.90045,72.39649
2024-08-04 02:00:00,21.736624,98.51998,71.12592,98.51998,72.568954
2024-08-04 03:00:00,21.534088,98.873985,70.76136,98.873985,72.18457
2024-08-04 04:00:00,21.444992,98.84151,70.60098,98.84151,72.00664
2024-08-04 05:00:00,21.620413,98.59763,70.91674,98.59763,72.34251
2024-08-04 06:00:00,21.851902,98.41969,71.33342,98.41969,72.79249
2024-08-04 07:00:00,21.940994,98.01075,71.49379,98.01075,72.94968
2024-08-04 08:00:00,22.145079,97.45684,71.861145,97.45684,73.327736
2024-08-04 09:00:00,23.76062,93.97257,74.76912,93.97257,76.36274
2024-08-04 10:00:00,25.60969,87.17362,78.09744,87.17362,79.704346
2024-08-04 11:00:00,26.858345,80.50129,80.34502,80.50129,85.049706
2024-08-04 12:00:00,28.36706,75.35047,83.06071,75.35047,90.03352
2024-08-04 13:00:00,29.404734,72.13671,84.92852,72.13671,93.35243
2024-08-04 14:00:00,30.119057,70.68417,86.2143,70.68417,95.901634
2024-08-04 15:00:00,30.772924,68.917816,87.391266,68.917816,98.036545
2024-08-04 16:00:00,30.787043,69.2501,87.41667,69.2501,98.27154
2024-08-04 17:00:00,31.154482,65.82893,88.07807,65.82893,98.17898
2024-08-04 18:00:00,31.248482,64.4744,88.24727,64.4744,97.89181
2024-08-04 19:00:00,30.272957,68.98895,86.49132,68.98895,95.81696
2024-08-04 20:00:00,28.878271,73.02591,83.98089,73.02591,91.43265
2024-08-04 21:00:00,26.838432,80.9076,80.30918,80.9076,85.03304
2024-08-04 22:00:00,25.711178,86.28773,78.28012,86.28773,79.86366
2024-08-04 23:00:00,25.054058,90.33285,77.097305,90.33285,78.75268
2024-08-05 00:00:00,24.567528,91.27075,76.22155,91.27075,77.833435
2024-08-05 01:00:00,24.364992,93.16628,75.85699,93.16628,77.52151
2024-08-05 02:00:00,24.24298,93.96225,75.63736,93.96225,77.31732
2024-08-05 03:00:00,24.439589,94.64486,75.99126,94.64486,77.73869
2024-08-05 04:00:00,24.610613,94.940895,76.2991,94.940895,78.09123
2024-08-05 05:00:00,24.679144,95.25768,76.422455,95.25768,78.24181
2024-08-05 06:00:00,24.72795,95.06832,76.51031,95.06832,78.32955
2024-08-05 07:00:00,24.494448,94.89934,76.090004,94.89934,77.85927
2024-08-05 08:00:00,24.911245,93.50578,76.84024,93.50578,78.61903
2024-08-05 09:00:00,25.867327,89.73471,78.56119,89.73471,81.85348
2024-08-05 10:00:00,27.374662,84.01951,81.27439,84.01951,87.92541
2024-08-05 11:00:00,28.844307,78.493385,83.919754,78.493385,93.204384
2024-08-05 12:00:00,30.236855,73.00347,86.42634,73.00347,97.53763
2024-08-05 13:00:00,31.115953,69.804825,88.00871,69.804825,100.13311
2024-08-05 14:00:00,31.737762,66.84127,89.127975,66.84127,101.44277
2024-08-05 15:00:00,31.857828,65.614174,89.34409,65.614174,101.2889
2024-08-05 16:00:00,32.060024,63.972633,89.708046,63.972633,101.26155
2024-08-05 17:00:00,31.782833,65.6501,89.2091,65.6501,100.95653
2024-08-05 18:00:00,30.393663,69.810486,86.708595,69.810486,96.73896
2024-08-05 19:00:00,28.066187,75.663994,82.519135,75.663994,88.880775
2024-08-05 20:00:00,27.076786,78.7266,80.73821,78.7266,85.616394
2024-08-05 21:00:00,25.67543,84.7692,78.215775,84.7692,79.721504
2024-08-05 22:00:00,25.287817,89.34041,77.51807,89.34041,79.16887
2024-08-05 23:00:00,24.882217,89.74076,76.787994,89.74076,78.38461
2024-08-06 00:00:00,24.153513,90.50152,75.476326,90.50152,76.97752
2024-08-06 01:00:00,24.224987,91.650314,75.60498,91.650314,77.17304
2024-08-06 02:00:00,23.67855,93.24221,74.62139,93.24221,76.16592
2024-08-06 03:00:00,23.669357,93.52415,74.60484,93.52415,76.160965
2024-08-06 04:00:00,23.874775,92.27218,74.974594,92.27218,76.50884
2024-08-06 05:00:00,23.803373,93.11545,74.84607,93.11545,76.407104
2024-08-06 06:00:00,23.311995,94.257996,73.96159,94.257996,75.48788
2024-08-06 07:00:00,23.292057,94.25841,73.925705,94.25841,75.44842
2024-08-06 08:00:00,24.093288,92.53641,75.36792,92.53641,76.953926
2024-08-06 09:00:00,25.074617,89.068504,77.13431,89.068504,78.733955
2024-08-06 10:00:00,26.999456,82.91999,80.59902,82.91999,86.0324
2024-08-06 11:00:00,28.57056,77.85128,83.42701,77.85128,91.706894
2024-08-06 12:00:00,28.697573,77.19861,83.65563,77.19861,92.06471
2024-08-06 13:00:00,27.125675,78.892715,80.82622,78.892715,85.83733
2024-08-06 14:00:00,23.669842,94.29691,74.60571,94.29691,76.198235
2024-08-06 15:00:00,24.227848,96.510056,75.61012,96.510056,77.407104
2024-08-06 16:00:00,24.548288,96.26532,76.18692,96.26532,78.03008
2024-08-06 17:00:00,24.576242,95.955605,76.237236,95.955605,78.07088
2024-08-06 18:00:00,24.248217,96.49465,75.64679,96.49465,77.44672
2024-08-06 19:00:00,23.987755,96.97034,75.17796,96.97034,76.95337
2024-08-06 20:00:00,23.750319,97.92824,74.75057,97.92824,76.52826
2024-08-06 21:00:00,23.436861,97.81948,74.18635,97.81948,75.9025
2024-08-06 22:00:00,23.491724,98.25453,74.2851,98.25453,76.03158
2024-08-06 23:00:00,23.413502,98.91446,74.1443,98.91446,75.907715
2024-08-07 00:00:00,23.283688,98.60525,73.91064,98.60525,75.63615
2024-08-07 01:00:00,23.248966,98.76544,73.84814,98.76544,75.57493
2024-08-07 02:00:00,23.167063,98.65594,73.700714,98.65594,75.40761
2024-08-07 03:00:00,23.143887,98.93738,73.659,98.93738,75.374954
2024-08-07 04:00:00,23.15977,99.053825,73.687584,99.053825,75.41188
2024-08-07 05:00:00,23.15456,99.017075,73.67821,99.017075,75.399826
2024-08-07 06:00:00,23.120804,99.11637,73.61745,99.11637,75.33766
2024-08-07 07:00:00,23.364756,98.82276,74.056564,98.82276,75.80689
2024-08-07 08:00:00,23.525846,98.7799,74.34653,98.7799,76.12383
2024-08-07 09:00:00,24.02814,97.901436,75.25065,97.901436,77.07707
2024-08-07 10:00:00,24.575476,96.895485,76.235855,96.895485,78.113525
2024-08-07 11:00:00,25.249075,95.25118,77.44833,95.25118,79.36997
2024-08-07 12:00:00,26.076841,93.374504,78.93832,93.374504,83.08118
2024-08-07 13:00:00,26.800909,91.57469,80.24164,91.57469,87.46086
2024-08-07 14:00:00,27.299969,88.86093,81.139946,88.86093,89.08633
2024-08-07 15:00:00,27.464806,87.13362,81.43665,87.13362,89.31312
2024-08-07 16:00:00,28.07009,83.85602,82.52616,83.85602,91.22439
2024-08-07 17:00:00,28.241024,81.103065,82.83385,81.103065,91.21625
2024-08-07 18:00:00,27.685286,82.32986,81.83351,82.32986,88.961266
2024-08-07 19:00:00,26.888285,84.61844,80.39891,84.61844,85.83584
2024-08-07 20:00:00,26.170168,87.26214,79.1063,87.26214,83.01566
2024-08-07 21:00:00,25.676228,88.057434,78.21721,88.057434,79.87763
2024-08-07 22:00:00,24.780869,92.97782,76.60556,92.97782,78.336075
2024-08-07 23:00:00,24.583221,95.330635,76.2498,95.330635,78.05532
2024-08-08 00:00:00,24.245224,96.00783,75.6414,96.00783,77.41791
2024-08-08 01:00:00,23.823023,98.02641,74.88144,98.02641,76.67682
2024-08-08 02:00:00,23.504375,98.38943,74.30788,98.38943,76.06297
2024-08-08 03:00:00,23.566486,98.00856,74.41968,98.00856,76.168045
2024-08-08 04:00:00,23.4507,98.96698,74.21126,98.96698,75.98383
2024-08-08 05:00:00,23.369547,98.67316,74.065186,98.67316,75.80934
2024-08-08 06:00:00,23.143757,98.97646,73.65876,98.97646,75.376526
2024-08-08 07:00:00,23.380653,99.30315,74.085175,99.30315,75.86095
2024-08-08 08:00:00,22.973001,98.601746,73.3514,98.601746,75.02083
2024-08-08 09:00:00,23.251234,98.88646,73.85222,98.88646,75.585106
2024-08-08 10:00:00,23.601357,98.82878,74.48244,98.82878,76.275635
2024-08-08 11:00:00,23.880415,98.884575,74.98475,98.884575,76.830795
2024-08-08 12:00:00,24.490515,98.62226,76.082924,98.62226,78.02646
2024-08-08 13:00:00,24.777523,98.59406,76.59954,98.59406,78.593414
2024-08-08 14:00:00,25.518276,98.10032,77.9329,98.10032,80.39243
2024-08-08 15:00:00,26.673782,94.695404,80.01281,94.695404,87.745514
2024-08-08 16:00:00,27.49115,89.56331,81.48407,89.56331,90.30989
2024-08-08 17:00:00,26.068048,92.574776,78.922485,92.574776,82.976234
2024-08-08 18:00:00,25.224457,96.92113,77.40402,96.92113,79.39971
2024-08-08 19:00:00,24.82021,96.88783,76.67638,96.88783,78.59774
2024-08-08 20:00:00,24.234282,97.8715,75.621704,97.8715,77.48383
2024-08-08 21:00:00,24.099892,98.35686,75.37981,98.35686,77.24056
2024-08-08 22:00:00,23.80284,98.21966,74.84511,98.21966,76.64594
2024-08-08 23:00:00,23.49001,98.50437,74.28201,98.50437,76.039925
2024-08-09 00:00:00,23.312716,98.87361,73.96289,98.87361,75.70624
2024-08-09 01:00:00,23.131763,99.21092,73.63718,99.21092,75.36381
2024-08-09 02:00:00,22.997028,99.404015,73.39465,99.404015,75.10611
2024-08-09 03:00:00,22.911308,99.36997,73.24036,99.36997,74.93478
2024-08-09 04:00:00,22.77891,99.532104,73.00204,99.532104,74.68025
2024-08-09 05:00:00,22.61863,99.17887,72.71353,99.17887,74.34629
2024-08-09 06:00:00,22.421324,99.24994,72.35838,99.24994,73.95897
2024-08-09 07:00:00,22.424099,99.03721,72.36338,99.03721,73.95446
2024-08-09 08:00:00,22.45413,99.14003,72.417435,99.14003,74.01876
2024-08-09 09:00:00,22.639017,99.27649,72.75023,99.27649,74.39124
2024-08-09 10:00:00,23.20475,98.78377,73.76855,98.78377,75.48824
2024-08-09 11:00:00,24.140669,97.49283,75.4532,97.49283,77.280685
2024-08-09 12:00:00,25.776634,92.821945,78.39794,92.821945,81.57618
2024-08-09 13:00:00,27.321209,87.24839,81.17818,87.24839,88.643936
2024-08-09 14:00:00,29.50572,79.445335,85.1103,79.445335,96.88462
2024-08-09 15:00:00,30.469418,75.00741,86.844955,75.00741,99.71041
2024-08-09 16:00:00,30.763945,73.87036,87.3751,73.87036,100.61685
2024-08-09 17:00:00,31.288317,73.73784,88.31897,73.73784,103.30851
2024-08-09 18:00:00,30.993288,75.18665,87.78792,75.18665,102.58336
2024-08-09 19:00:00,28.909086,81.74304,84.036354,81.74304,94.75318
2024-08-09 20:00:00,26.359087,87.7981,79.44636,87.7981,83.90486
2024-08-09 21:00:00,24.94894,88.6557,76.9081,88.6557,78.46572
2024-08-09 22:00:00,24.320076,92.54067,75.77614,92.54067,77.40316
2024-08-09 23:00:00,23.876556,94.06225,74.9778,94.06225,76.596504
2024-08-10 00:00:00,23.599838,95.49286,74.479706,95.49286,76.115845
2024-08-10 01:00:00,23.326143,96.93541,73.98706,96.93541,75.64173
2024-08-10 02:00:00,23.467089,97.695816,74.24076,97.695816,75.956535
2024-08-10 03:00:00,23.725101,98.470116,74.705185,98.470116,76.5038
2024-08-10 04:00:00,23.600128,99.11257,74.48023,99.11257,76.286545
2024-08-10 05:00:00,23.391773,99.50199,74.105194,99.50199,75.8923
2024-08-10 06:00:00,23.55328,99.43268,74.395905,99.43268,76.208824
2024-08-10 07:00:00,23.33038,99.12999,73.99468,99.12999,75.753265
2024-08-10 08:00:00,23.863867,98.9034,74.954956,98.9034,76.79891
2024-08-10 09:00:00,25.440151,95.6145,77.792274,95.6145,79.76538
2024-08-10 10:00:00,26.600956,89.7787,79.88172,89.7787,85.28709
2024-08-10 11:00:00,28.54376,78.56226,83.37877,78.56226,91.81949
2024-08-10 12:00:00,29.968697,71.1647,85.94365,71.1647,95.43954
2024-08-10 13:00:00,31.088045,64.66349,87.95848,64.66349,97.29323
2024-08-10 14:00:00,31.905508,59.701366,89.42992,59.701366,98.17894
2024-08-10 15:00:00,32.377026,57.93077,90.27864,57.93077,99.16812
2024-08-10 16:00:00,32.214626,59.226955,89.98633,59.226955,99.21146
2024-08-10 17:00:00,32.050076,61.784206,89.69014,61.784206,99.942535
2024-08-10 18:00:00,31.810905,63.658283,89.25963,63.658283,99.940765
2024-08-10 19:00:00,31.132074,65.50397,88.037735,65.50397,97.91176
2024-08-10 20:00:00,29.392057,74.65729,84.9057,74.65729,94.29258
2024-08-10 21:00:00,27.437464,84.28903,81.387436,84.28903,88.278275
2024-08-10 22:00:00,26.034098,94.915016,78.861374,94.915016,82.97777
2024-08-10 23:00:00,25.190462,94.05402,77.342834,94.05402,79.197655
2024-08-11 00:00:00,25.243916,94.98327,77.43905,94.98327,79.34717
2024-08-11 01:00:00,24.922522,94.27234,76.860535,94.27234,78.67739
2024-08-11 02:00:00,24.48834,95.3348,76.07901,95.3348,77.867645
2024-08-11 03:00:00,24.062159,97.06262,75.31189,97.06262,77.10502
2024-08-11 04:00:00,23.835539,98.96894,74.90397,98.96894,76.7459
2024-08-11 05:00:00,23.454742,97.25349,74.21854,97.25349,75.91131
2024-08-11 06:00:00,23.104511,94.59059,73.58812,94.59059,75.09269
2024-08-11 07:00:00,22.553612,90.69208,72.596504,90.69208,73.81868
2024-08-11 08:00:00,22.906273,87.97096,73.23129,87.97096,74.38906
2024-08-11 09:00:00,24.50236,81.23173,76.10425,81.23173,77.23257
2024-08-11 10:00:00,26.219814,78.06971,79.19566,78.06971,82.4034
2024-08-11 11:00:00,27.680958,73.19597,81.82572,73.19597,86.796646
2024-08-11 12:00:00,29.120337,68.10895,84.41661,68.10895,90.74295
2024-08-11 13:00:00,30.121979,63.554184,86.21956,63.554184,92.88214
2024-08-11 14:00:00,30.682758,60.885426,87.228966,60.885426,93.90524
2024-08-11 15:00:00,31.138853,59.95895,88.049934,59.95895,95.23718
2024-08-11 16:00:00,31.339869,61.028408,88.41176,61.028408,96.541306
2024-08-11 17:00:00,31.4398,62.213783,88.59164,62.213783,97.547874
2024-08-11 18:00:00,31.125269,63.284866,88.02548,63.284866,96.76662
2024-08-11 19:00:00,29.834623,66.94439,85.70232,66.94439,93.10669
2024-08-11 20:00:00,28.235744,73.840225,82.82434,73.840225,89.06528
2024-08-11 21:00:00,27.032393,76.43148,80.65831,76.43148,85.05911
2024-08-11 22:00:00,26.510769,78.35228,79.71938,78.35228,83.44733
2024-08-11 23:00:00,25.691263,83.27893,78.24428,83.27893,79.682816
2024-08-12 00:00:00,24.618073,88.25089,76.31253,88.25089,77.79157
2024-08-12 01:00:00,23.944422,90.104706,75.09996,90.104706,76.54488
2024-08-12 02:00:00,23.800009,90.68424,74.84001,90.68424,76.28617
2024-08-12 03:00:00,23.918056,90.23941,75.052505,90.23941,76.49901
2024-08-12 04:00:00,23.968086,88.03006,75.142555,88.03006,76.49422
2024-08-12 05:00:00,23.514925,89.8398,74.326866,89.8398,75.68203
2024-08-12 06:00:00,23.194897,89.647446,73.75082,89.647446,75.03934
2024-08-12 07:00:00,22.686344,90.700745,72.83542,90.700745,74.081894
2024-08-12 08:00:00,22.836922,90.42359,73.10646,90.42359,74.36701
2024-08-12 09:00:00,24.105038,85.56727,75.38907,85.56727,76.649635
2024-08-12 10:00:00,24.919222,83.20521,76.8546,83.20521,78.1507
2024-08-12 11:00:00,25.826529,80.7946,78.48775,80.7946,79.83387
2024-08-12 12:00:00,27.781881,72.29585,82.007385,72.29585,86.961105
2024-08-12 13:00:00,28.369041,69.27194,83.06428,69.27194,88.31873
2024-08-12 14:00:00,29.066654,65.85046,84.31998,65.85046,89.811005
2024-08-12 15:00:00,29.7213,63.307858,85.49834,63.307858,91.30432
2024-08-12 16:00:00,29.496761,62.951332,85.09417,62.951332,90.38325
2024-08-12 17:00:00,29.493084,63.485367,85.08755,63.485367,90.550705
2024-08-12 18:00:00,29.551905,62.798214,85.19343,62.798214,90.52405
2024-08-12 19:00:00,28.575169,64.305016,83.4353,64.305016,87.69312
2024-08-12 20:00:00,26.971783,70.866135,80.54921,70.866135,83.982544
2024-08-12 21:00:00,24.752684,78.37865,76.55483,78.37865,77.59412
2024-08-12 22:00:00,23.320965,85.30022,73.97774,85.30022,75.08462
2024-08-12 23:00:00,22.358965,90.03034,72.24614,90.03034,73.402176
2024-08-13 00:00:00,21.696157,93.467125,71.053085,93.467125,72.25134
2024-08-13 01:00:00,21.157654,94.448235,70.08378,94.448235,71.23122
2024-08-13 02:00:00,20.76158,93.36548,69.37084,93.36548,70.3961
2024-08-13 03:00:00,20.363457,94.42721,68.65422,94.42721,69.65772
2024-08-13 04:00:00,20.204872,95.85017,68.36877,95.85017,69.41061
2024-08-13 05:00:00,20.455137,96.08158,68.819244,96.08158,69.917
2024-08-13 06:00:00,20.702875,93.6897,69.265175,93.6897,70.295105
2024-08-13 07:00:00,20.997286,95.625465,69.79511,95.625465,70.96902
2024-08-13 08:00:00,21.526323,95.44628,70.74738,95.44628,72.008095
2024-08-13 09:00:00,23.089046,91.45993,73.56029,91.45993,74.91493
2024-08-13 10:00:00,24.965773,84.42561,76.93839,84.42561,78.30023
2024-08-13 11:00:00,25.553944,81.70531,77.9971,81.70531,79.33696
2024-08-13 12:00:00,26.597128,77.13979,79.87483,77.13979,83.60694
2024-08-13 13:00:00,26.480639,74.23961,79.665146,74.23961,82.88054
2024-08-13 14:00:00,25.120491,81.600876,77.21688,81.600876,78.473816
2024-08-13 15:00:00,22.984615,89.5481,73.37231,89.5481,74.6183
2024-08-13 16:00:00,22.365051,93.54324,72.257095,93.54324,73.57934
2024-08-13 17:00:00,22.441824,94.75864,72.39528,94.75864,73.78847
2024-08-13 18:00:00,22.805454,94.531975,73.04982,94.531975,74.4978
2024-08-13 19:00:00,22.468561,94.834366,72.44341,94.834366,73.84497
2024-08-13 20:00:00,22.228025,96.153534,72.010445,96.153534,73.4307
2024-08-13 21:00:00,21.896944,96.30518,71.4145,96.30518,72.78229
2024-08-13 22:00:00,21.771307,98.11299,71.188354,98.11299,72.6185
2024-08-13 23:00:00,21.442709,98.41565,70.59688,98.41565,71.9821
2024-08-14 00:00:00,21.220484,98.50599,70.19687,98.50599,71.54634
2024-08-14 01:00:00,20.716852,98.66847,69.29034,98.66847,70.55679
2024-08-14 02:00:00,20.170656,98.6443,68.30718,98.6443,69.47419
2024-08-14 03:00:00,19.678564,99.26861,67.42142,99.26861,68.52918
2024-08-14 04:00:00,19.263155,99.66515,66.673676,99.66515,67.7253
2024-08-14 05:00:00,19.050203,99.7365,66.29037,99.7365,67.30702
2024-08-14 06:00:00,18.66137,99.73848,65.59047,99.73848,66.537224
2024-08-14 07:00:00,18.698832,98.235466,65.6579,98.235466,66.54076
2024-08-14 08:00:00,19.19519,97.6729,66.551346,97.6729,67.49711
2024-08-14 09:00:00,21.523685,92.9535,70.74263,92.9535,71.885704
2024-08-14 10:00:00,23.704111,84.5468,74.667404,84.5468,75.807846
2024-08-14 11:00:00,25.577696,75.96949,78.039856,75.96949,79.1144
2024-08-14 12:00:00,27.23307,66.05208,81.01952,66.05208,84.00914
2024-08-14 13:00:00,28.457045,59.3442,83.22268,59.3442,86.11217
2024-08-14 14:00:00,28.98446,54.412018,84.17203,54.412018,86.36667
2024-08-14 15:00:00,29.650858,51.338757,85.371544,51.338757,87.33252
2024-08-14 16:00:00,29.735292,52.047264,85.52353,52.047264,87.75293
2024-08-14 17:00:00,29.698267,53.602398,85.45688,53.602398,88.09211
2024-08-14 18:00:00,29.662062,54.883617,85.39171,54.883617,88.36206
2024-08-14 19:00:00,28.180477,61.38303,82.72486,61.38303,85.793976
2024-08-14 20:00:00,26.211563,68.85141,79.18082,68.85141,81.59169
2024-08-14 21:00:00,24.230772,76.79926,75.61539,76.79926,76.48649
2024-08-14 22:00:00,22.461636,84.81642,72.43095,84.81642,73.36041
2024-08-14 23:00:00,21.38556,89.89914,70.494,89.89914,71.46866
2024-08-15 00:00:00,20.741222,92.049164,69.3342,92.049164,70.29393
2024-08-15 01:00:00,20.115456,93.17657,68.20782,93.17657,69.107895
2024-08-15 02:00:00,19.641598,94.475784,67.35487,94.475784,68.23072
2024-08-15 03:00:00,19.300821,95.91547,66.74148,95.91547,67.62366
2024-08-15 04:00:00,18.94595,96.02893,66.10271,96.02893,66.92634
2024-08-15 05:00:00,18.6993,95.991745,65.65874,95.991745,66.43622
2024-08-15 06:00:00,18.355091,97.58333,65.03916,97.58333,65.82949
2024-08-15 07:00:00,18.124935,96.70187,64.624886,96.70187,65.33236
2024-08-15 08:00:00,19.036755,95.53424,66.26616,95.53424,67.082886
2024-08-15 09:00:00,21.98293,88.72856,71.569275,88.72856,72.59644
2024-08-15 10:00:00,24.588545,79.28477,76.259384,79.28477,77.31171
2024-08-15 11:00:00,26.826334,67.886795,80.2874,67.886795,83.13928
2024-08-15 12:00:00,28.040752,58.847176,82.47336,58.847176,84.88742
2024-08-15 13:00:00,28.96178,54.165783,84.13121,54.165783,86.24811
2024-08-15 14:00:00,29.555187,50.98368,85.19933,50.98368,86.98866
2024-08-15 15:00:00,29.946503,49.857746,85.9037,49.857746,87.706825
2024-08-15 16:00:00,30.080112,49.47111,86.1442,49.47111,87.95116
2024-08-15 17:00:00,30.152328,50.222206,86.27419,50.222206,88.36296
2024-08-15 18:00:00,30.166182,50.62146,86.299126,50.62146,88.519516
2024-08-15 19:00:00,28.725765,55.857742,83.706375,55.857742,86.03099
2024-08-15 20:00:00,26.592371,66.50693,79.86627,66.50693,82.34688
2024-08-15 21:00:00,24.05764,77.716736,75.30376,77.716736,76.18682
2024-08-15 22:00:00,22.763657,84.99488,72.97458,84.99488,73.9668
2024-08-15 23:00:00,21.840456,89.24192,71.31282,89.24192,72.33847
2024-08-16 00:00:00,21.181519,92.26761,70.12673,92.26761,71.17599
2024-08-16 01:00:00,20.57608,94.00887,69.03694,94.00887,70.05905
2024-08-16 02:00:00,20.095848,93.79529,68.17253,93.79529,69.09816
2024-08-16 03:00:00,19.7821,94.58929,67.60778,94.58929,68.51426
2024-08-16 04:00:00,19.41032,95.43033,66.938576,95.43033,67.81766
2024-08-16 05:00:00,19.086061,96.640884,66.35491,96.640884,67.23252
2024-08-16 06:00:00,18.874466,97.63523,65.97404,97.63523,66.8603
2024-08-16 07:00:00,18.94343,95.380455,66.098175,95.380455,66.89088
2024-08-16 08:00:00,19.738728,95.06333,67.52971,95.06333,68.45066
2024-08-16 09:00:00,22.968845,87.91176,73.34392,87.91176,74.51016
2024-08-16 10:00:00,25.555801,77.75726,78.00044,77.75726,79.15508
2024-08-16 11:00:00,27.933683,65.397484,82.28063,65.397484,85.94006
2024-08-16 12:00:00,29.481087,57.922985,85.065956,57.922985,88.729126
2024-08-16 13:00:00,30.432947,53.546833,86.779305,53.546833,90.23314
2024-08-16 14:00:00,30.992214,52.270897,87.78599,52.270897,91.5143
2024-08-16 15:00:00,31.323376,50.814507,88.38207,50.814507,92.00374
2024-08-16 16:00:00,31.124811,51.59363,88.02466,51.59363,91.67677
2024-08-16 17:00:00,31.454258,51.33776,88.61766,51.33776,92.62785
2024-08-16 18:00:00,31.115734,53.6533,88.008316,53.6533,92.447266
2024-08-16 19:00:00,29.942034,58.334167,85.89566,58.334167,90.32014
2024-08-16 20:00:00,28.045296,65.47681,82.48153,65.47681,86.30119
2024-08-16 21:00:00,26.0885,74.94904,78.9593,74.94904,81.72704
2024-08-16 22:00:00,25.05955,80.84084,77.10719,80.84084,78.31744
2024-08-16 23:00:00,24.782944,80.23734,76.6093,80.23734,77.74139
2024-08-17 00:00:00,24.58221,79.49305,76.24798,79.49305,77.30895
2024-08-17 01:00:00,24.668337,79.51101,76.40301,79.51101,77.48032
2024-08-17 02:00:00,24.145447,80.77139,75.46181,80.77139,76.50424
2024-08-17 03:00:00,23.738493,85.13664,74.72929,85.13664,75.90363
2024-08-17 04:00:00,23.526146,86.28085,74.34706,86.28085,75.536964
2024-08-17 05:00:00,23.519955,87.244965,74.33592,87.244965,75.57002
2024-08-17 06:00:00,23.557714,88.18712,74.403885,88.18712,75.68907
2024-08-17 07:00:00,23.4511,87.18717,74.211975,87.18717,75.43097
2024-08-17 08:00:00,23.584204,87.818954,74.45157,87.818954,75.72421
2024-08-17 09:00:00,25.117687,84.15678,77.21184,84.15678,78.58839
2024-08-17 10:00:00,26.704319,77.96465,80.06777,77.96465,84.09611
2024-08-17 11:00:00,27.851963,74.26194,82.13353,74.26194,87.67976
2024-08-17 12:00:00,29.013351,70.99118,84.22404,70.99118,91.296646
2024-08-17 13:00:00,30.55333,66.63946,86.995995,66.63946,95.95209
2024-08-17 14:00:00,30.883152,65.38976,87.589676,65.38976,96.77119
2024-08-17 15:00:00,31.265507,63.141388,88.27791,63.141388,97.28494
2024-08-17 16:00:00,31.565748,63.89701,88.818344,63.89701,98.97886
2024-08-17 17:00:00,31.654573,63.311947,88.97823,63.311947,99.05267
2024-08-17 18:00:00,31.430738,64.215805,88.57533,64.215805,98.55424
2024-08-17 19:00:00,30.235893,67.08346,86.42461,67.08346,94.80794
2024-08-17 20:00:00,28.6706,73.45906,83.60708,73.45906,90.71161
2024-08-17 21:00:00,26.8462,81.81534,80.323166,81.81534,85.205345
2024-08-17 22:00:00,26.012663,87.60951,78.82279,87.60951,82.36183
2024-08-17 23:00:00,25.461626,89.69903,77.830925,89.69903,79.52987
2024-08-18 00:00:00,25.621794,89.49685,78.11923,89.49685,79.83751
2024-08-18 01:00:00,25.686945,87.02399,78.2365,87.02399,79.85028
2024-08-18 02:00:00,25.417128,88.16575,77.75083,88.16575,79.369705
2024-08-18 03:00:00,24.9682,88.8306,76.942764,88.8306,78.512085
2024-08-18 04:00:00,24.912577,89.635,76.842636,89.635,78.43974
2024-08-18 05:00:00,24.187277,91.16604,75.537094,91.16604,77.07561
2024-08-18 06:00:00,23.723793,95.92211,74.70283,95.92211,76.38145
2024-08-18 07:00:00,23.146767,94.04061,73.66418,94.04061,75.150505
2024-08-18 08:00:00,23.59164,92.317795,74.46495,92.317795,75.95038
2024-08-18 09:00:00,25.117878,83.85985,77.21218,83.85985,78.574814
2024-08-18 10:00:00,26.484732,79.14452,79.672516,79.14452,83.44516
2024-08-18 11:00:00,28.126226,73.62091,82.627205,73.62091,88.57575
2024-08-18 12:00:00,29.523533,69.105354,85.14236,69.105354,92.68768
2024-08-18 13:00:00,30.561117,64.30245,87.01001,64.30245,94.92064
2024-08-18 14:00:00,30.908962,62.006565,87.63613,62.006565,95.277664
2024-08-18 15:00:00,31.56191,60.316917,88.81144,60.316917,97.08806
2024-08-18 16:00:00,30.092188,66.44515,86.16594,66.44515,93.94244
2024-08-18 17:00:00,28.410728,77.01858,83.13931,77.01858,90.72655
2024-08-18 18:00:00,29.932575,73.89189,85.87864,73.89189,96.496765
2024-08-18 19:00:00,29.162397,75.305084,84.49232,75.305084,93.49495
2024-08-18 20:00:00,27.362612,81.219406,81.2527,81.219406,87.268326
2024-08-18 21:00:00,26.257935,88.20449,79.26428,88.20449,83.4908
2024-08-18 22:00:00,23.12198,87.3671,73.61957,87.3671,74.78778
2024-08-18 23:00:00,21.584253,92.9536,70.851654,92.9536,72.00564
2024-08-19 00:00:00,21.532558,93.96486,70.758606,93.96486,71.95082
2024-08-19 01:00:00,21.27382,93.577805,70.29288,93.577805,71.42032
2024-08-19 02:00:00,20.79768,94.21842,69.43582,94.21842,70.507675
2024-08-19 03:00:00,20.323458,94.36847,68.58222,94.36847,69.57576
2024-08-19 04:00:00,19.848423,95.37748,67.72716,95.37748,68.68262
2024-08-19 05:00:00,19.625734,95.94424,67.326324,95.94424,68.26833
2024-08-19 06:00:00,19.351507,96.9202,66.83271,96.9202,67.77123
2024-08-19 07:00:00,19.2448,97.25622,66.64064,97.25622,67.575745
2024-08-19 08:00:00,20.023535,96.65601,68.04236,96.65601,69.089424
2024-08-19 09:00:00,22.686255,90.01897,72.83526,90.01897,74.049675
2024-08-19 10:00:00,25.260164,82.30481,77.46829,82.30481,78.78345
2024-08-19 11:00:00,27.17827,72.93106,80.92088,72.93106,84.98101
2024-08-19 12:00:00,28.739023,65.09493,83.73024,65.09493,88.44911
2024-08-19 13:00:00,29.756496,58.589592,85.56169,58.589592,89.8037
2024-08-19 14:00:00,30.386446,55.11581,86.6956,55.11581,90.6334
2024-08-19 15:00:00,30.649502,52.830387,87.169106,52.830387,90.64928
2024-08-19 16:00:00,30.72736,53.19784,87.30925,53.19784,91.022766
2024-08-19 17:00:00,29.71602,57.37934,85.48884,57.37934,89.28585
2024-08-19 18:00:00,27.793333,64.69608,82.028,64.69608,85.37395
2024-08-19 19:00:00,26.84776,64.90652,80.325966,64.90652,82.81104
2024-08-19 20:00:00,25.454716,71.00553,77.81849,71.00553,78.63759
2024-08-19 21:00:00,23.660831,82.36451,74.58949,82.36451,75.619576
2024-08-19 22:00:00,22.786163,87.21805,73.01509,87.21805,74.11585
2024-08-19 23:00:00,22.186615,90.52866,71.935905,90.52866,73.08434
2024-08-20 00:00:00,22.408619,89.56966,72.33551,89.56966,73.47883
2024-08-20 01:00:00,22.869352,83.406586,73.16483,83.406586,74.101425
2024-08-20 02:00:00,22.362139,82.542076,72.25185,82.542076,73.05651
2024-08-20 03:00:00,22.543962,79.73959,72.57913,79.73959,73.284805
2024-08-20 04:00:00,21.758297,81.69827,71.16493,81.69827,71.82124
2024-08-20 05:00:00,20.93915,84.472855,69.69047,84.472855,70.329735
2024-08-20 06:00:00,20.32357,85.67426,68.58243,85.67426,69.16736
2024-08-20 07:00:00,20.010363,85.95997,68.018654,85.95997,68.56063
2024-08-20 08:00:00,20.224924,83.94814,68.40486,83.94814,68.890915
2024-08-20 09:00:00,20.960018,79.36271,69.728035,79.36271,70.13088
2024-08-20 10:00:00,22.395077,72.6058,72.31114,72.6058,72.65473
2024-08-20 11:00:00,23.68801,67.333954,74.63841,67.333954,74.96695
2024-08-20 12:00:00,24.388548,65.09128,75.89938,65.09128,76.24861
2024-08-20 13:00:00,24.579388,65.84344,76.2429,65.84344,76.66183
2024-08-20 14:00:00,24.94772,65.15794,76.9059,65.15794,77.35891
2024-08-20 15:00:00,25.3926,63.668236,77.70668,63.668236,78.169754
2024-08-20 16:00:00,25.687056,62.37442,78.2367,62.37442,78.69196
2024-08-20 17:00:00,26.101473,60.282326,78.98265,60.282326,79.414185
2024-08-20 18:00:00,26.220076,58.559822,79.19614,58.559822,79.56806
2024-08-20 19:00:00,25.00457,62.360374,77.008224,62.360374,77.33999
2024-08-20 20:00:00,23.36357,68.61783,74.05443,68.61783,74.38491
2024-08-20 21:00:00,21.53791,75.229836,70.768234,75.229836,71.080864
2024-08-20 22:00:00,19.910793,83.4762,67.83943,83.4762,68.24675
2024-08-20 23:00:00,18.862247,86.81011,65.95204,86.81011,66.327324
2024-08-21 00:00:00,18.45076,88.709724,65.211365,88.709724,65.60186
2024-08-21 01:00:00,17.933884,90.263954,64.28099,90.263954,64.6515
2024-08-21 02:00:00,17.468126,89.85684,63.442627,89.85684,63.71016
2024-08-21 03:00:00,17.314407,90.775894,63.16593,90.775894,63.448994
2024-08-21 04:00:00,16.739225,90.70933,62.130608,90.70933,62.307007
2024-08-21 05:00:00,16.140295,92.07616,61.05253,92.07616,61.18536
2024-08-21 06:00:00,15.852662,92.17468,60.534794,92.17468,60.62048
2024-08-21 07:00:00,15.415537,92.458084,59.747967,92.458084,59.768295
2024-08-21 08:00:00,16.137545,90.17079,61.04758,90.17079,61.090363
2024-08-21 09:00:00,18.538036,77.99922,65.36847,77.99922,65.27128
2024-08-21 10:00:00,20.17456,64.03921,68.31421,64.03921,67.85547
2024-08-21 11:00:00,21.2696,56.845066,70.28528,56.845066,69.685524
2024-08-21 12:00:00,22.330383,51.841118,72.19469,51.841118,71.55069
2024-08-21 13:00:00,23.317743,47.25322,73.97194,47.25322,73.29003
2024-08-21 14:00:00,23.785759,45.352062,74.81437,45.352062,74.12735
2024-08-21 15:00:00,24.271906,44.364384,75.68943,44.364384,75.043495
2024-08-21 16:00:00,24.534075,44.078762,76.16133,44.078762,75.549164
2024-08-21 17:00:00,24.902622,43.893024,76.82472,43.893024,76.270164
2024-08-21 18:00:00,24.87374,44.750416,76.77273,44.750416,76.25327
2024-08-21 19:00:00,23.521826,49.690865,74.33929,49.690865,73.80869
2024-08-21 20:00:00,21.677166,59.590202,71.0189,59.590202,70.62153
2024-08-21 21:00:00,19.009544,71.19035,66.21718,71.19035,65.88484
2024-08-21 22:00:00,17.711622,79.147385,63.88092,79.147385,63.688942
2024-08-21 23:00:00,17.110897,82.959984,62.799614,82.959984,62.678696
2024-08-22 00:00:00,16.542402,86.26262,61.776325,86.26262,61.7083
2024-08-22 01:00:00,15.946403,88.598206,60.703526,88.598206,60.637993
2024-08-22 02:00:00,15.400273,90.25255,59.720493,90.25255,59.63441
2024-08-22 03:00:00,14.530154,93.83953,58.154278,93.83953,58.080166
2024-08-22 04:00:00,13.816945,94.05475,56.870502,94.05475,56.678123
2024-08-22 05:00:00,13.526712,95.21378,56.348083,95.21378,56.15794
2024-08-22 06:00:00,13.237017,95.12523,55.82663,95.12523,55.580177
2024-08-22 07:00:00,12.89202,93.83843,55.205635,93.83843,54.8366
2024-08-22 08:00:00,13.709393,93.40109,56.676907,93.40109,56.43445
2024-08-22 09:00:00,17.25259,85.39325,63.054665,85.39325,63.073612
2024-08-22 10:00:00,20.594128,71.37705,69.06943,71.37705,69.03109
2024-08-22 11:00:00,22.548496,57.150475,72.587296,57.150475,72.2321
2024-08-22 12:00:00,24.121214,47.318146,75.41818,47.318146,74.88396
2024-08-22 13:00:00,25.142176,42.30003,77.25592,42.30003,76.66961
2024-08-22 14:00:00,25.653097,41.29296,78.175575,41.29296,77.633896
2024-08-22 15:00:00,26.167944,41.451706,79.102295,41.451706,78.66075
2024-08-22 16:00:00,26.173744,41.983177,79.11274,41.983177,78.69721
2024-08-22 17:00:00,26.208193,43.276943,79.17474,43.276943,78.82624
2024-08-22 18:00:00,26.395483,44.24595,79.51187,44.24595,79.242615
2024-08-22 19:00:00,25.02305,49.09961,77.04149,49.09961,76.75332
2024-08-22 20:00:00,23.003946,58.488705,73.407104,58.488705,73.196785
2024-08-22 21:00:00,19.977226,70.45848,67.95901,70.45848,67.76646
2024-08-22 22:00:00,18.516838,79.11895,65.33031,79.11895,65.28193
2024-08-22 23:00:00,17.491217,85.52465,63.484188,85.52465,63.552265
2024-08-23 00:00:00,16.73356,87.96083,62.12041,87.96083,62.16661
2024-08-23 01:00:00,16.028654,88.85191,60.851578,88.85191,60.812775
2024-08-23 02:00:00,15.449253,92.37502,59.808655,92.37502,59.831146
2024-08-23 03:00:00,15.054505,92.9803,59.09811,92.9803,59.078
2024-08-23 04:00:00,14.43764,93.26007,57.987755,93.26007,57.869755
2024-08-23 05:00:00,14.080745,94.39263,57.34534,94.39263,57.216328
2024-08-23 06:00:00,13.794773,94.4013,56.83059,94.4013,56.650505
2024-08-23 07:00:00,14.025511,94.39192,57.24592,94.39192,57.10693
2024-08-23 08:00:00,14.3497095,94.14036,57.829475,94.14036,57.737022
2024-08-23 09:00:00,17.517944,88.04436,63.5323,88.04436,63.723614
2024-08-23 10:00:00,21.45494,72.364494,70.6189,72.364494,70.78191
2024-08-23 11:00:00,23.521332,59.86436,74.338394,59.86436,74.28586
2024-08-23 12:00:00,24.759607,53.71117,76.56729,53.71117,76.44844
2024-08-23 13:00:00,25.593086,50.44676,78.06755,50.44676,77.9453
2024-08-23 14:00:00,26.173693,49.432514,79.11265,49.432514,79.04723
2024-08-23 15:00:00,26.606092,48.564587,79.89097,48.564587,79.862595
2024-08-23 16:00:00,26.91276,48.331303,80.44297,48.331303,81.030396
2024-08-23 17:00:00,27.17903,47.791416,80.92226,47.791416,81.40413
2024-08-23 18:00:00,27.095018,49.109367,80.771034,49.109367,81.412575
2024-08-23 19:00:00,25.696205,53.512596,78.25317,53.512596,78.29358
2024-08-23 20:00:00,23.608486,60.578552,74.49528,60.578552,74.49199
2024-08-23 21:00:00,21.129034,71.17452,70.03226,71.17452,70.08068
2024-08-23 22:00:00,19.32911,80.051575,66.7924,80.051575,66.93406
2024-08-23 23:00:00,18.17257,85.11063,64.710625,85.11063,64.88189
2024-08-24 00:00:00,17.214842,89.281334,62.986717,89.281334,63.181614
2024-08-24 01:00:00,16.294163,90.936455,61.32949,90.936455,61.43645
2024-08-24 02:00:00,15.663624,93.34906,60.194523,93.34906,60.301376
2024-08-24 03:00:00,15.327081,92.7899,59.588745,92.7899,59.608746
2024-08-24 04:00:00,14.604411,94.109245,58.28794,94.109245,58.23987
2024-08-24 05:00:00,14.48598,95.05776,58.074764,95.05776,58.049957
2024-08-24 06:00:00,14.337217,93.00829,57.80699,93.00829,57.65908
2024-08-24 07:00:00,14.155364,94.425575,57.479656,94.425575,57.365627
2024-08-24 08:00:00,14.884508,94.6094,58.792114,94.6094,58.817966
2024-08-24 09:00:00,18.369995,85.735664,65.065994,85.735664,65.30217
2024-08-24 10:00:00,21.577898,75.906746,70.84022,75.906746,71.19186
2024-08-24 11:00:00,23.801296,63.124245,74.84233,63.124245,74.99341
2024-08-24 12:00:00,25.54521,53.788845,77.98138,53.788845,78.00759
2024-08-24 13:00:00,26.771591,48.74519,80.188866,48.74519,80.84866
2024-08-24 14:00:00,27.64441,45.960598,81.75993,45.960598,81.9644
2024-08-24 15:00:00,28.347979,43.483353,83.02636,43.483353,82.85347
2024-08-24 16:00:00,28.601994,42.650894,83.48359,42.650894,83.18672
2024-08-24 17:00:00,28.864779,42.20619,83.956604,42.20619,83.60297
2024-08-24 18:00:00,28.656948,43.259663,83.582504,43.259663,83.38641
2024-08-24 19:00:00,27.154297,47.75902,80.87773,47.75902,81.359695
2024-08-24 20:00:00,24.588306,58.434425,76.25895,58.434425,76.33125
2024-08-24 21:00:00,21.529663,69.15314,70.753395,69.15314,70.77893
2024-08-24 22:00:00,19.987755,78.3663,67.97796,78.3663,68.15898
2024-08-24 23:00:00,18.912436,85.2841,66.04238,85.2841,66.35497
2024-08-25 00:00:00,17.949238,88.74818,64.308624,88.74818,64.61065
2024-08-25 01:00:00,17.252825,91.043175,63.055084,91.043175,63.339622
2024-08-25 02:00:00,16.59487,92.94198,61.870766,92.94198,62.126114
2024-08-25 03:00:00,16.057756,92.33804,60.90396,92.33804,61.03425
2024-08-25 04:00:00,15.631264,94.475296,60.136272,94.475296,60.290237
2024-08-25 05:00:00,15.449678,95.3947,59.80942,95.3947,59.97391
2024-08-25 06:00:00,15.287764,96.56407,59.517975,96.56407,59.708282
2024-08-25 07:00:00,15.345593,95.3115,59.622066,95.3115,59.763916
2024-08-25 08:00:00,15.982345,95.27989,60.76822,95.27989,61.023193
2024-08-25 09:00:00,18.915503,90.83918,66.047905,90.83918,66.62214
2024-08-25 10:00:00,22.02395,83.45218,71.64311,83.45218,72.42967
2024-08-25 11:00:00,24.538372,72.15197,76.16907,72.15197,76.87712
2024-08-25 12:00:00,26.377771,61.14894,79.47999,61.14894,81.31144
2024-08-25 13:00:00,27.687435,52.37294,81.83739,52.37294,82.94418
2024-08-25 14:00:00,28.550478,47.631668,83.39086,47.631668,83.92815
2024-08-25 15:00:00,29.414364,43.646107,84.945854,43.646107,84.96439
2024-08-25 16:00:00,29.595697,42.91871,85.272255,42.91871,85.197945
2024-08-25 17:00:00,29.711103,43.69646,85.47999,43.69646,85.61217
2024-08-25 18:00:00,29.76954,45.77545,85.585175,45.77545,86.21792
2024-08-25 19:00:00,28.086403,50.711075,82.55553,50.711075,83.50267
2024-08-25 20:00:00,25.650295,59.30455,78.17053,59.30455,78.4749
2024-08-25 21:00:00,22.637697,71.409515,72.747856,71.409515,73.078896
2024-08-25 22:00:00,20.833048,81.26722,69.49949,81.26722,69.968994
2024-08-25 23:00:00,19.760098,86.70398,67.56818,86.70398,68.10008
2024-08-26 00:00:00,18.725397,90.39554,65.70572,90.39554,66.224884
2024-08-26 01:00:00,18.065645,91.87964,64.51816,91.87964,64.98832
2024-08-26 02:00:00,17.766716,93.241234,63.98009,93.241234,64.460434
2024-08-26 03:00:00,17.267408,93.58223,63.081337,93.58223,63.487835
2024-08-26 04:00:00,17.078815,93.75998,62.741867,93.75998,63.122772
2024-08-26 05:00:00,16.760977,94.433975,62.169758,94.433975,62.525127
2024-08-26 06:00:00,16.607807,94.061295,61.89405,94.061295,62.204334
2024-08-26 07:00:00,16.575342,94.9878,61.835617,94.9878,62.183605
2024-08-26 08:00:00,17.32497,93.65569,63.184944,93.65569,63.605255
2024-08-26 09:00:00,20.733757,88.39666,69.32076,88.39666,70.10748
2024-08-26 10:00:00,24.283327,83.20136,75.70999,83.20136,76.89145
2024-08-26 11:00:00,26.709078,73.55428,80.07634,73.55428,83.52767
2024-08-26 12:00:00,28.725182,62.416035,83.70533,62.416035,87.6682
2024-08-26 13:00:00,30.22657,52.212048,86.40782,52.212048,89.179245
2024-08-26 14:00:00,31.233944,46.980804,88.2211,46.980804,90.3406
2024-08-26 15:00:00,31.953857,44.04199,89.516945,44.04199,91.35065
2024-08-26 16:00:00,32.35992,44.19295,90.247856,44.19295,92.58629
2024-08-26 17:00:00,32.452675,45.15754,90.41481,45.15754,93.2531
2024-08-26 18:00:00,31.88491,49.038044,89.39284,49.038044,93.07526
2024-08-26 19:00:00,30.157919,56.27669,86.284256,56.27669,90.3115
2024-08-26 20:00:00,27.714582,65.22487,81.886246,65.22487,85.24741
2024-08-26 21:00:00,25.19259,77.04908,77.346664,77.04908,78.40264
2024-08-26 22:00:00,23.6813,84.378555,74.62634,84.378555,75.75477
2024-08-26 23:00:00,22.879272,89.099434,73.18269,89.099434,74.38864
2024-08-27 00:00:00,22.2559,91.099915,72.06062,91.099915,73.248375
2024-08-27 01:00:00,21.768414,92.423355,71.18314,92.423355,72.34535
2024-08-27 02:00:00,21.226398,92.38108,70.20752,92.38108,71.27018
2024-08-27 03:00:00,20.69707,93.21768,69.25472,93.21768,70.26143
2024-08-27 04:00:00,20.319384,93.897545,68.57489,93.897545,69.54556
2024-08-27 05:00:00,20.05495,93.06966,68.09891,93.06966,68.98307
2024-08-27 06:00:00,19.753033,94.67561,67.55546,94.67561,68.460754
2024-08-27 07:00:00,19.35905,93.92847,66.84629,93.92847,67.64555
2024-08-27 08:00:00,20.166988,93.38409,68.30058,93.38409,69.219696
2024-08-27 09:00:00,22.957651,85.99843,73.32378,85.99843,74.39808
2024-08-27 10:00:00,26.42825,75.52028,79.57085,75.52028,82.85025
2024-08-27 11:00:00,28.87864,66.920654,83.98155,66.920654,89.47027
2024-08-27 12:00:00,30.8343,59.881393,87.50174,59.881393,94.04362
2024-08-27 13:00:00,32.351,54.15848,90.231804,54.15848,97.0522
2024-08-27 14:00:00,33.32731,51.02703,91.98915,51.02703,99.091415
2024-08-27 15:00:00,34.050564,49.007446,93.291016,49.007446,100.707
2024-08-27 16:00:00,34.201233,49.33961,93.56222,49.33961,101.49781
2024-08-27 17:00:00,33.588448,52.6966,92.459206,52.6966,101.09508
2024-08-27 18:00:00,31.233398,59.419147,88.220116,59.419147,95.35246
2024-08-27 19:00:00,29.720385,67.12665,85.49669,67.12665,92.72245
2024-08-27 20:00:00,28.252304,73.53728,82.85415,73.53728,89.04683
2024-08-27 21:00:00,26.672758,81.51119,80.01096,81.51119,84.459305
2024-08-27 22:00:00,25.5607,87.261154,78.00926,87.261154,79.61146
2024-08-27 23:00:00,24.969263,88.32264,76.94467,88.32264,78.4903
2024-08-28 00:00:00,24.387926,90.62071,75.89827,90.62071,77.447266
2024-08-28 01:00:00,23.858696,92.923584,74.945656,92.923584,76.50763
2024-08-28 02:00:00,23.39635,93.249756,74.113434,93.249756,75.60751
2024-08-28 03:00:00,22.85353,93.47408,73.13635,93.47408,74.54327
2024-08-28 04:00:00,22.454483,93.71561,72.41807,93.71561,73.7645
2024-08-28 05:00:00,22.021305,94.256516,71.63835,94.256516,72.93224
2024-08-28 06:00:00,21.697765,94.65707,71.05598,94.65707,72.310455
2024-08-28 07:00:00,21.382486,93.5539,70.48848,93.5539,71.63436
2024-08-28 08:00:00,21.830763,92.81885,71.29537,92.81885,72.487404
2024-08-28 09:00:00,24.51323,85.894684,76.12381,85.894684,77.473236
2024-08-28 10:00:00,27.229126,78.11044,81.01243,78.11044,86.09905
2024-08-28 11:00:00,29.672487,69.881256,85.41048,69.881256,93.60911
2024-08-28 12:00:00,31.49015,62.48465,88.68227,62.48465,97.900635
2024-08-28 13:00:00,32.78305,57.44856,91.00949,57.44856,100.595245
2024-08-28 14:00:00,33.7601,53.370182,92.76818,53.370182,102.22162
2024-08-28 15:00:00,34.23016,50.087276,93.61429,50.087276,102.07934
2024-08-28 16:00:00,34.440506,48.675407,93.992905,48.675407,102.03076
2024-08-28 17:00:00,34.27842,48.008347,93.70116,48.008347,100.98669
2024-08-28 18:00:00,33.868088,49.504528,92.96256,49.504528,100.296295
2024-08-28 19:00:00,32.14457,55.53089,89.86022,55.53089,96.964645
2024-08-28 20:00:00,29.34647,65.74123,84.82365,65.74123,90.78946
2024-08-28 21:00:00,27.043427,78.27483,80.67817,78.27483,85.40954
2024-08-28 22:00:00,25.739168,85.10901,78.330505,85.10901,79.86368
2024-08-28 23:00:00,24.807503,89.604195,76.6535,89.604195,78.23025
2024-08-29 00:00:00,24.105244,91.969185,75.389435,91.969185,76.95093
2024-08-29 01:00:00,23.803854,92.61109,74.84694,92.61109,76.38435
2024-08-29 02:00:00,23.403412,91.91669,74.126144,91.91669,75.558846
2024-08-29 03:00:00,23.191986,93.275475,73.745575,93.275475,75.20408
2024-08-29 04:00:00,22.845697,94.33499,73.12225,94.33499,74.56822
2024-08-29 05:00:00,22.365847,94.10031,72.25852,94.10031,73.607086
2024-08-29 06:00:00,22.40609,94.300995,72.33096,94.300995,73.696205
2024-08-29 07:00:00,22.396355,93.83293,72.31344,93.83293,73.65494
2024-08-29 08:00:00,22.836218,92.902306,73.105194,92.902306,74.482124
2024-08-29 09:00:00,25.453396,86.36292,77.81612,86.36292,79.35679
2024-08-29 10:00:00,28.304613,77.70648,82.9483,77.70648,90.47068
2024-08-29 11:00:00,30.750072,68.641846,87.35013,68.641846,97.791954
2024-08-29 12:00:00,32.74012,60.674484,90.93221,60.674484,102.37243
2024-08-29 13:00:00,34.168518,54.455494,93.503334,54.455494,104.703445
2024-08-29 14:00:00,35.091526,50.820744,95.16475,50.820744,106.19981
2024-08-29 15:00:00,35.364258,48.445477,95.65566,48.445477,105.65907
2024-08-29 16:00:00,35.75038,46.87163,96.350685,46.87163,106.14797
2024-08-29 17:00:00,35.708504,47.01814,96.27531,47.01814,106.07909
2024-08-29 18:00:00,35.023193,49.765938,95.04175,49.765938,105.14976
2024-08-29 19:00:00,33.408543,55.28095,92.135376,55.28095,101.938
2024-08-29 20:00:00,30.99304,62.643417,87.78747,62.643417,95.91215
2024-08-29 21:00:00,28.872768,72.05413,83.970985,72.05413,91.08381
2024-08-29 22:00:00,27.466145,80.94929,81.43906,80.94929,87.65724
2024-08-29 23:00:00,26.309847,86.09201,79.35773,86.09201,83.50862
2024-08-30 00:00:00,25.793293,87.66584,78.427925,87.66584,81.4344
2024-08-30 01:00:00,25.749474,87.19189,78.34905,87.19189,79.98198
2024-08-30 02:00:00,25.441616,89.36052,77.79491,89.36052,79.47434
2024-08-30 03:00:00,25.246311,89.432175,77.44336,89.432175,79.091
2024-08-30 04:00:00,24.891876,90.00703,76.805374,90.00703,78.416245
2024-08-30 05:00:00,24.353497,91.99526,75.836296,91.99526,77.4437
2024-08-30 06:00:00,23.96498,94.03008,75.13696,94.03008,76.77007
2024-08-30 07:00:00,23.653116,95.63059,74.57561,95.63059,76.227806
2024-08-30 08:00:00,23.941635,93.37953,75.09494,93.37953,76.693275
2024-08-30 09:00:00,25.852716,88.63264,78.53489,88.63264,81.73284
2024-08-30 10:00:00,27.976675,81.26472,82.35802,81.26472,90.02392
2024-08-30 11:00:00,29.678106,74.591034,85.42059,74.591034,95.59932
2024-08-30 12:00:00,31.41118,67.69846,88.54012,67.69846,100.37525
2024-08-30 13:00:00,32.138786,65.1004,89.849815,65.1004,102.31599
2024-08-30 14:00:00,30.903696,69.37935,87.626656,69.37935,98.88568
2024-08-30 15:00:00,26.712498,80.88996,80.0825,80.88996,84.53055
2024-08-30 16:00:00,22.800392,94.78354,73.0407,94.78354,74.4996
2024-08-30 17:00:00,22.356552,96.945595,72.24179,96.945595,73.72241
2024-08-30 18:00:00,22.526392,97.72722,72.54751,97.72722,74.09544
2024-08-30 19:00:00,22.579468,98.00266,72.64304,98.00266,74.21347
2024-08-30 20:00:00,22.450571,98.285484,72.411026,98.285484,73.97154
2024-08-30 21:00:00,22.465803,98.63451,72.438446,98.63451,74.01811
2024-08-30 22:00:00,22.207846,98.74527,71.97412,98.74527,73.512566
2024-08-30 23:00:00,22.165676,98.99698,71.89822,98.99698,73.440895
2024-08-31 00:00:00,21.955519,99.17163,71.519936,99.17163,73.03299
2024-08-31 01:00:00,21.858442,99.42436,71.3452,99.42436,72.85266
2024-08-31 02:00:00,21.980234,99.45875,71.56442,99.45875,73.09543
2024-08-31 03:00:00,21.690918,99.61571,71.043655,99.61571,72.52996
2024-08-31 04:00:00,21.833857,99.75041,71.30094,99.75041,72.819305
2024-08-31 05:00:00,21.813665,99.68633,71.264595,99.68633,72.776306
2024-08-31 06:00:00,21.787254,99.49894,71.21706,99.49894,72.71522
2024-08-31 07:00:00,21.904963,99.37965,71.42893,99.37965,72.942665
2024-08-31 08:00:00,22.017853,98.734314,71.63213,98.734314,73.135864
2024-08-31 09:00:00,23.105179,97.793434,73.589325,97.793434,75.244545
2024-08-31 10:00:00,24.14169,93.63679,75.45504,93.63679,77.10148
2024-08-31 11:00:00,25.009117,90.57148,77.01641,90.57148,78.67491
2024-08-31 12:00:00,26.505238,84.39316,79.70943,84.39316,84.148
2024-08-31 13:00:00,27.727322,79.281204,81.90918,79.281204,88.393196
2024-08-31 14:00:00,28.721678,73.09644,83.69902,73.09644,90.80595
2024-08-31 15:00:00,29.580347,69.31324,85.24462,69.31324,93.000755
2024-08-31 16:00:00,30.308187,67.25825,86.55473,67.25825,95.189545
2024-08-31 17:00:00,30.57398,65.96895,87.033165,65.96895,95.72956
2024-08-31 18:00:00,30.494804,64.990524,86.89065,64.990524,94.95711
2024-08-31 19:00:00,29.08259,72.76086,84.34866,72.76086,92.20173
2024-08-31 20:00:00,27.022434,82.1041,80.64038,82.1041,85.98757
2024-08-31 21:00:00,25.767145,86.92463,78.38086,86.92463,81.294815
2024-08-31 22:00:00,25.277071,88.720695,77.498726,88.720695,79.11847
2024-08-31 23:00:00,24.540794,95.0608,76.17343,95.0608,77.95863
